round,confidence,champion_id,champion_name,champion_name_zh,primary_category,primary_category_zh,observations,matches,armor_mean,armor_p25,armor_median,armor_p75,mr_mean,mr_p25,mr_median,mr_p75
1,high,134,Syndra,暗黑元首,Mage,法师,9,8,36.33,35,35,35,37.33,36,36,36
1,high,67,Vayne,暗夜猎手,Marksman,射手,35,27,35.49,34,34,34,37.37,36,36,36
1,high,266,Aatrox,暗裔剑魔,Fighter,战士,7,6,70.71,55,70,80,55.71,45,45,67.5
1,high,107,Rengar,傲之追猎者,Assassin,刺客,10,9,55,50,50,50,48,45,45,45
1,high,112,Viktor,奥术先驱,Mage,法师,13,12,39.77,34,34,34,38.31,36,36,36
1,high,950,Naafiri,百裂冥犬,Assassin,刺客,18,16,46.5,44,44,44,47.5,45,45,45
1,high,240,Kled,暴怒骑士,Fighter,战士,13,13,48.77,42,42,54,43.92,31,31,61
1,high,222,Jinx,暴走萝莉,Marksman,射手,9,8,36,36,36,36,36,36,36,36
1,high,115,Ziggs,爆破鬼才,Mage,法师,9,9,32,32,32,32,36,36,36,36
1,high,113,Sejuani,北地之怒,Tank,坦克,7,6,87.86,70,91,96,103.14,89,115,115
1,high,34,Anivia,冰晶凤凰,Mage,法师,6,5,29,29,29,29,36,36,36,36
1,high,127,Lissandra,冰霜女巫,Mage,法师,10,9,33.2,32,32,32,41.7,36,36,36
1,high,895,Nilah,不羁之悦,Fighter,战士,10,10,46,43,43,43,48,45,45,45
1,high,904,Zaahen,不落魔锋,Fighter,战士,10,10,60,53,53,53,52.5,45,45,56.25
1,high,106,Volibear,不灭狂雷,Fighter,战士,4,4,51,51,51,51,60,45,60,75
1,high,804,Yunara,不破之誓,Marksman,射手,14,13,36,36,36,36,36,36,36,36
1,high,80,Pantheon,不屈之枪,Fighter,战士,8,7,57,57,57,57,52.25,41,41,71
1,high,55,Katarina,不祥之刃,Assassin,刺客,19,19,52.53,49,49,49,46.16,45,45,45
1,high,523,Aphelios,残月之肃,Marksman,射手,6,6,40.5,36,36,45,38,36,36,36
1,high,105,Fizz,潮汐海灵,Assassin,刺客,13,12,44.85,43,43,43,50.31,45,45,45
1,high,110,Varus,惩戒之箭,Marksman,射手,8,8,36.25,34,34,35.5,38.25,36,36,37.5
1,high,901,Smolder,炽炎雏龙,Marksman,射手,25,23,34.48,34,34,34,36.48,36,36,36
1,high,711,Vex,愁云使者,Mage,法师,7,6,34,34,34,34,36.14,34,34,34
1,high,427,Ivern,翠神,Support,辅助,11,10,40.18,38,38,38,38.18,36,36,36
1,high,74,Heimerdinger,大发明家,Mage,法师,6,6,38.5,29,35,43.25,43,36,36,45
1,high,39,Irelia,刀锋舞者,Fighter,战士,6,6,57.17,53,53,53,43,43,43,43
1,high,91,Talon,刀锋之影,Assassin,刺客,13,13,49.69,47,47,47,51.54,49,49,49
1,high,5,XinZhao,德邦总管,Fighter,战士,15,12,51,51,51,51,54,45,45,60
1,high,59,JarvanIV,德玛西亚皇子,Fighter,战士,11,11,63.45,53,56,78,52.91,45,45,51
1,high,86,Garen,德玛西亚之力,Fighter,战士,12,12,59.75,57,57,57,52.25,47,47,50
1,high,133,Quinn,德玛西亚之翼,Marksman,射手,9,8,40.67,39,39,39,39.33,36,36,36
1,high,235,Senna,涤魂圣枪,Support,辅助,7,7,36.71,35,35,35,39.86,36,36,42
1,high,25,Morgana,堕落天使,Support,辅助,13,13,35,35,35,35,36,36,36,36
1,high,35,Shaco,恶魔小丑,Assassin,刺客,9,9,46.44,46,46,46,45,45,45,45
1,high,61,Orianna,发条魔灵,Mage,法师,9,8,37.33,36,36,36,39.33,38,38,38
1,high,104,Graves,法外狂徒,Marksman,射手,18,17,53.17,44,44,66.5,38.67,36,36,36
1,high,92,Riven,放逐之刃,Fighter,战士,7,7,70.43,49,49,99,70.71,45,45,95
1,high,40,Janna,风暴之怒,Support,辅助,2,2,39,39,39,39,36,36,36,36
1,high,777,Yone,封魔剑魂,Fighter,战士,5,5,50,50,50,50,48,45,45,45
1,high,201,Braum,弗雷尔卓德之心,Tank,坦克,8,8,64.38,52,58,77,57.38,45,57,63.75
1,high,13,Ryze,符文法师,Mage,法师,7,7,32,32,32,32,44.43,38,38,38
1,high,63,Brand,复仇焰魂,Mage,法师,19,19,34.63,34,34,34,36.63,36,36,36
1,high,429,Kalista,复仇之矛,Marksman,射手,6,6,37.67,36,36,36,37.67,36,36,36
1,high,99,Lux,光辉女郎,Mage,法师,7,7,35.14,33,33,33,36,36,36,36
1,high,7,Leblanc,诡术妖姬,Assassin,刺客,6,6,34,32,32,32,38,36,36,36
1,high,420,Illaoi,海兽祭司,Fighter,战士,5,5,59.4,52,52,64,53.4,45,45,57
1,high,41,Gangplank,海洋之灾,Fighter,战士,10,9,48,48,48,48,45,45,45,45
1,high,876,Lillia,含羞蓓蕾,Fighter,战士,3,3,38,38,38,38,44,44,44,44
1,high,22,Ashe,寒冰射手,Marksman,射手,11,10,37,37,37,37,36,36,36,36
1,high,223,TahmKench,河流之王,Tank,坦克,6,6,60.17,56,56,56,50,45,45,45
1,high,1,Annie,黑暗之女,Mage,法师,8,7,33.5,33,33,33,36.25,36,36,36
1,high,497,Rakan,幻翎,Support,辅助,5,5,49.4,47,47,47,47.4,45,45,45
1,high,267,Nami,唤潮鲛姬,Support,辅助,9,9,47,41,41,41,42,36,36,36
1,high,58,Renekton,荒漠屠夫,Fighter,战士,6,5,66.67,53,59,74.75,53,41,47,66.5
1,high,805,Locke,灰烬驱魔人,Assassin,刺客,10,9,48,48,48,48,48,45,45,45
1,high,412,Thresh,魂锁典狱长,Support,辅助,10,10,58.3,47,53,68.75,48.3,36,42,61.5
1,high,68,Rumble,机械公敌,Fighter,战士,8,8,54.88,53,53,53,40,40,40,40
1,high,157,Yasuo,疾风剑豪,Fighter,战士,16,16,51.81,49,49,49,46.25,45,45,45
1,high,131,Diana,皎月女神,Fighter,战士,7,7,49.14,47,47,47,45,45,45,45
1,high,517,Sylas,解脱者,Mage,法师,20,18,52.7,47,47,47,53.2,46,46,46
1,high,143,Zyra,荆棘之兴,Mage,法师,13,12,39.92,39,39,39,36.92,36,36,36
1,high,103,Ahri,九尾妖狐,Mage,法师,12,12,35.5,31,31,34,40.5,36,36,39
1,high,79,Gragas,酒桶,Fighter,战士,13,12,59.92,55,55,55,48,45,45,45
1,high,48,Trundle,巨魔之王,Fighter,战士,6,5,62.67,53,54.5,72.5,50,45,45,45
1,high,4,TwistedFate,卡牌大师,Mage,法师,10,9,35,35,35,35,36,36,36,36
1,high,85,Kennen,狂暴之心,Mage,法师,11,11,40,40,40,40,36,36,36,36
1,high,233,Briar,狂厄蔷薇,Fighter,战士,13,12,48,44,44,44,50.54,45,45,45
1,high,76,Nidalee,狂野女猎手,Assassin,刺客,6,6,50.5,43,43,54.25,41,36,36,36
1,high,2,Olaf,狂战士,Fighter,战士,10,10,62.7,51,51,76,52.2,45,45,54
1,high,84,Akali,离群之刺,Assassin,刺客,6,6,40,40,40,40,50,50,50,50
1,high,888,Renata,炼金男爵,Support,辅助,16,14,38.75,38,38,38,36.75,36,36,36
1,high,27,Singed,炼金术士,Tank,坦克,15,14,57.4,50,50,62,57.4,45,57,73.5
1,high,887,Gwen,灵罗娃娃,Fighter,战士,7,6,56,56,56,56,45,45,45,45
1,high,800,Mel,流光镜影,Mage,法师,10,10,33,33,33,33,36,36,36,36
1,high,102,Shyvana,龙血武姬,Fighter,战士,16,14,59.38,54,54,57,49.25,47,47,47
1,high,18,Tristana,麦林炮手,Marksman,射手,18,18,42.22,40,40,40,36.11,34,34,34
1,high,23,Tryndamere,蛮族之王,Fighter,战士,9,9,52.67,50,50,50,47.67,45,45,45
1,high,64,LeeSin,盲僧,Fighter,战士,26,23,58.73,52,52,52,50.77,45,45,45
1,high,150,Gnar,迷失之牙,Fighter,战士,7,7,50.43,47,47,53,56.14,48,54,64.5
1,high,902,Milio,明烛,Support,辅助,9,9,40,37,37,37,37.33,36,36,36
1,high,350,Yuumi,魔法猫咪,Support,辅助,16,14,35.75,35,35,35,31.75,31,31,31
1,high,69,Cassiopeia,魔蛇之拥,Mage,法师,13,13,29,29,29,29,38,38,38,38
1,high,83,Yorick,牧魂人,Fighter,战士,10,10,62.1,52,52,73.75,60.6,45,45,75
1,high,142,Zoe,暮光星灵,Mage,法师,5,5,32,32,32,32,36,36,36,36
1,high,98,Shen,暮光之眼,Tank,坦克,6,6,62.33,50,56,71.75,61.5,57,58.5,71.25
1,high,897,KSante,纳祖芒荣耀,Tank,坦克,19,18,70.21,54,66,84,61.58,49,58,73
1,high,498,Xayah,逆羽,Marksman,射手,8,8,42.5,35,35,35,43.5,36,36,36
1,high,12,Alistar,牛头酋长,Tank,坦克,13,12,66.31,57,57,69,53.77,45,45,57
1,high,57,Maokai,扭曲树精,Tank,坦克,10,10,63.5,53,53,78,54,45,45,45
1,high,50,Swain,诺克萨斯统领,Mage,法师,14,12,41.29,36,36,45,44.07,37,37,37
1,high,122,Darius,诺克萨斯之手,Fighter,战士,12,12,66.17,55,55,72.5,57,45,45,75
1,high,33,Rammus,披甲龙龟,Tank,坦克,6,5,77.67,76,78.5,88.5,55,45,45,45
1,high,51,Caitlyn,皮城女警,Marksman,射手,11,10,38,38,38,38,36,36,36,36
1,high,254,Vi,皮城执法官,Fighter,战士,14,14,48.71,47,47,47,53.14,45,45,57
1,high,234,Viego,破败之王,Fighter,战士,12,12,53.08,51,51,51,50,45,45,45
1,high,62,MonkeyKing,齐天大圣,Fighter,战士,11,10,74.91,64,80,80,54.64,41,41,71
1,high,37,Sona,琴瑟仙女,Support,辅助,18,16,36,36,36,36,36,36,36,36
1,high,164,Camille,青钢影,Fighter,战士,5,5,63.4,51,51,76,53.4,45,45,57
1,high,119,Draven,荣耀行刑官,Marksman,射手,6,6,42,40,40,40,38,36,36,36
1,high,54,Malphite,熔岩巨兽,Tank,坦克,10,10,107.6,83,119,119,57.5,41,41,71
1,high,526,Rell,镕铁少女,Tank,坦克,8,8,63.63,46,60,76.75,59,47,58.5,70.25
1,high,268,Azir,沙漠皇帝,Mage,法师,8,8,36,36,36,36,36,36,36,36
1,high,360,Samira,沙漠玫瑰,Marksman,射手,8,8,43.5,37,40,45.25,37.5,36,36,37.5
1,high,75,Nasus,沙漠死神,Fighter,战士,5,5,67.4,63,66,76,53.4,45,45,57
1,high,516,Ornn,山隐之焰,Tank,坦克,16,16,67.06,58,58,78,62.63,52,52,73.25
1,high,32,Amumu,殇之木乃伊,Tank,坦克,6,6,57.33,49,49,67.75,57.5,45,45,67.5
1,high,21,MissFortune,赏金猎人,Marksman,射手,7,7,38.43,35,35,41,39.43,36,36,42
1,high,72,Skarner,上古领主,Tank,坦克,3,3,62.33,56.5,64,69,65,60,75,75
1,high,111,Nautilus,深海泰坦,Tank,坦克,14,14,72.79,56,74.5,81,61.07,45,57,70.5
1,high,96,KogMaw,深渊巨口,Marksman,射手,7,7,36.71,35,35,35,37.71,36,36,36
1,high,154,Zac,生化魔人,Tank,坦克,6,5,67.83,54,63,81.75,56,45,51,57
1,high,78,Poppy,圣锤之毅,Tank,坦克,12,11,68,57,57,70.75,63.25,49,55.5,81
1,high,236,Lucian,圣枪游侠,Marksman,射手,19,18,40.05,38,38,38,37.26,36,36,36
1,high,26,Zilean,时光守护者,Support,辅助,12,12,35,35,35,35,37.25,36,36,36
1,high,245,Ekko,时间刺客,Assassin,刺客,8,8,48,48,48,48,45,45,45,45
1,high,77,Udyr,兽灵行者,Fighter,战士,7,7,53.29,48,48,54,51,45,45,51
1,high,89,Leona,曙光女神,Tank,坦克,10,9,71.4,60,66,82.5,59.4,45,57,71.25
1,high,893,Aurora,双界灵兔,Mage,法师,5,5,34,34,34,34,38,38,38,38
1,high,30,Karthus,死亡颂唱者,Mage,法师,10,9,36.5,32,32,32,36,36,36,36
1,high,81,Ezreal,探险家,Marksman,射手,23,21,34.78,34,34,34,38.09,36,36,36
1,high,43,Karma,天启者,Mage,法师,6,6,39,39,39,39,36,36,36,36
1,high,82,Mordekaiser,铁铠冥魂,Fighter,战士,17,17,53.71,53,53,53,47.47,45,45,45
1,high,799,Ambessa,铁血狼母,Fighter,战士,12,10,53,52,52,52,46,45,45,45
1,high,28,Evelynn,痛苦之拥,Assassin,刺客,6,6,54,54,54,54,45,45,45,45
1,high,44,Taric,瓦洛兰之盾,Support,辅助,9,9,68.89,59,59,85,60.67,41,56,71
1,high,518,Neeko,万花通灵,Mage,法师,5,4,42,33,33,33,36,36,36,36
1,high,875,Sett,腕豪,Fighter,战士,21,20,61.1,50,62,75,59,41,53,71
1,high,14,Sion,亡灵战神,Tank,坦克,12,12,57.17,52,52,55,53.5,45,45,52.5
1,high,126,Jayce,未来守护者,Fighter,战士,9,8,43.67,38,45,45,45,41,41,48
1,high,29,Twitch,瘟疫之源,Marksman,射手,10,10,37,37,37,37,36,36,36,36
1,high,11,MasterYi,无极剑圣,Fighter,战士,19,17,49.63,49,49,49,45.63,45,45,45
1,high,114,Fiora,无双剑姬,Fighter,战士,11,10,58.18,50,62,62,53.18,45,57,57
1,high,6,Urgot,无畏战车,Fighter,战士,6,6,62.33,50,65.5,72,46,39,39,48
1,high,24,Jax,武器大师,Fighter,战士,12,12,56.75,52,52,52,53.5,45,45,61.5
1,high,202,Jhin,戏命师,Marksman,射手,20,18,38.2,35,35,35,37.2,36,36,36
1,high,117,Lulu,仙灵女巫,Support,辅助,7,6,39.14,37,37,37,36,36,36,36
1,high,45,Veigar,邪恶小法师,Mage,法师,5,5,30,30,30,30,38,38,38,38
1,high,432,Bard,星界游神,Support,辅助,5,5,47.4,45,45,45,38.4,36,36,36
1,high,147,Seraphine,星籁歌姬,Support,辅助,7,7,37.71,36,36,36,37.71,36,36,36
1,high,8,Vladimir,猩红收割者,Mage,法师,8,8,36.5,35,35,35,37.5,36,36,36
1,high,421,RekSai,虚空遁地兽,Fighter,战士,13,12,60.77,51,51,76,50.54,45,45,45
1,high,31,Chogath,虚空恐惧,Tank,坦克,10,10,64.7,56,56,74.75,55.2,45,45,70.5
1,high,121,Khazix,虚空掠夺者,Assassin,刺客,11,11,48,48,48,48,45,45,45,45
1,high,200,Belveth,虚空女皇,Fighter,战士,18,17,47.33,45,45,45,47.33,45,45,45
1,high,90,Malzahar,虚空先知,Mage,法师,6,5,35,29,29,38,42,36,36,45
1,high,38,Kassadin,虚空行者,Assassin,刺客,8,7,37,37,37,37,47.63,42,42,42
1,high,145,Kaisa,虚空之女,Marksman,射手,11,11,35,35,35,35,36,36,36,36
1,high,161,Velkoz,虚空之眼,Mage,法师,12,12,35.5,33,33,33,39.75,36,36,36
1,high,20,Nunu,雪原双子,Tank,坦克,11,9,56.27,45,45,63.5,58.09,45,45,66
1,high,555,Pyke,血港鬼影,Support,辅助,17,13,54.59,54,54,54,47.35,45,45,45
1,high,17,Teemo,迅捷斥候,Marksman,射手,7,7,38.86,35,35,41,37.71,36,36,36
1,high,163,Taliyah,岩雀,Mage,法师,4,3,32,29,29,32,37,34,34,37
1,high,910,Hwei,异画师,Mage,法师,11,10,33.09,32,32,32,37.09,36,36,36
1,high,42,Corki,英勇投弹手,Marksman,射手,6,6,38,38,38,38,36,36,36,36
1,high,141,Kayn,影流之镰,Fighter,战士,13,11,61.31,54,54,64,50.38,45,45,45
1,high,238,Zed,影流之主,Assassin,刺客,2,2,62.5,61.75,62.5,63.25,48,45,48,51
1,high,166,Akshan,影哨,Marksman,射手,10,10,38.2,37,37,37,37.2,36,36,36
1,high,56,Nocturne,永恒梦魇,Fighter,战士,9,9,57.33,54,54,54,54,44,44,59
1,high,203,Kindred,永猎双子,Marksman,射手,7,7,47.14,40,40,40,43.14,36,36,36
1,high,246,Qiyana,元素女皇,Assassin,刺客,7,7,55.14,47,47,60.5,53.57,45,45,52.5
1,high,9,FiddleSticks,远古恐惧,Mage,法师,9,9,45,45,45,45,36,36,36,36
1,high,101,Xerath,远古巫灵,Mage,法师,5,4,33,33,33,33,36,36,36,36
1,high,15,Sivir,战争女神,Marksman,射手,10,9,42.4,40,40,40,38.4,36,36,36
1,high,120,Hecarim,战争之影,Fighter,战士,19,17,54.16,50,50,50,50.21,45,45,51
1,high,53,Blitzcrank,蒸汽机器人,Tank,坦克,16,15,56.25,54,54,54,51,45,45,57
1,high,3,Galio,正义巨像,Tank,坦克,19,15,44.63,41,41,41,54.16,45,45,66
1,high,10,Kayle,正义天使,Mage,法师,9,9,42,42,42,42,34,34,34,34
1,high,60,Elise,蜘蛛女皇,Assassin,刺客,10,10,43.4,41,41,41,38.4,36,36,36
1,high,16,Soraka,众星之子,Support,辅助,11,11,44.09,43,43,43,37.09,36,36,36
1,high,136,AurelionSol,铸星龙王,Mage,法师,12,12,36.17,32,32,32,49.75,36,36,66
1,high,221,Zeri,祖安花火,Marksman,射手,5,5,34,34,34,34,36,36,36,36
1,high,36,DrMundo,祖安狂人,Tank,坦克,14,13,58.07,48,54,70.5,63.86,42,70.5,72
1,high,19,Warwick,祖安怒兽,Fighter,战士,5,5,49,49,49,49,57,45,45,75
2,high,134,Syndra,暗黑元首,Mage,法师,9,8,46.44,44,44,44,43.44,41,41,41
2,high,67,Vayne,暗夜猎手,Marksman,射手,35,27,46.91,44,44,44,42.34,41,41,41
2,high,266,Aatrox,暗裔剑魔,Fighter,战士,7,6,85.71,72.5,90,95,66.71,51,66,81
2,high,107,Rengar,傲之追猎者,Assassin,刺客,10,9,64,59,59,59,54,51,51,51
2,high,112,Viktor,奥术先驱,Mage,法师,13,12,49.92,43,43,46,44.08,41,41,41
2,high,950,Naafiri,百裂冥犬,Assassin,刺客,18,16,55.5,53,53,53,53.5,51,51,51
2,high,240,Kled,暴怒骑士,Fighter,战士,13,13,62,51,63,63,46.92,34,34,64
2,high,222,Jinx,暴走萝莉,Marksman,射手,9,8,49.89,46,46,46,44.89,41,41,41
2,high,115,Ziggs,爆破鬼才,Mage,法师,9,9,42,42,42,42,41,41,41,41
2,high,113,Sejuani,北地之怒,Tank,坦克,7,6,133.29,93.5,109,122,111.14,97,123,123
2,high,34,Anivia,冰晶凤凰,Mage,法师,6,5,40.5,38,38,38,41,41,41,41
2,high,127,Lissandra,冰霜女巫,Mage,法师,10,9,46.7,42,42,42,50.2,41,41,41
2,high,895,Nilah,不羁之悦,Fighter,战士,10,10,55,52,52,52,54,51,51,51
2,high,904,Zaahen,不落魔锋,Fighter,战士,10,10,74.8,64,64,85,62.2,51,51,62.75
2,high,106,Volibear,不灭狂雷,Fighter,战士,4,4,59,59,59,59,66,51,66,81
2,high,804,Yunara,不破之誓,Marksman,射手,14,13,45,45,45,45,41,41,41,41
2,high,80,Pantheon,不屈之枪,Fighter,战士,8,7,68,68,68,68,58.25,47,47,77
2,high,55,Katarina,不祥之刃,Assassin,刺客,19,19,62.53,59,59,59,52.16,51,51,51
2,high,523,Aphelios,残月之肃,Marksman,射手,6,6,50.5,46,46,55,43,41,41,41
2,high,105,Fizz,潮汐海灵,Assassin,刺客,13,12,53.85,52,52,52,56.31,51,51,51
2,high,110,Varus,惩戒之箭,Marksman,射手,8,8,50.88,43,43,50.5,43.13,41,41,42.25
2,high,901,Smolder,炽炎雏龙,Marksman,射手,25,23,43.56,43,43,43,41.52,41,41,41
2,high,711,Vex,愁云使者,Mage,法师,7,6,47.29,43,43,43,45.43,39,39,46.5
2,high,427,Ivern,翠神,Support,辅助,11,10,58.82,48,48,60,51.82,41,41,53
2,high,74,Heimerdinger,大发明家,Mage,法师,6,6,48.5,39,45,53.25,48,41,41,50
2,high,39,Irelia,刀锋舞者,Fighter,战士,6,6,67.17,63,63,63,49,49,49,49
2,high,91,Talon,刀锋之影,Assassin,刺客,13,13,60.08,57,57,57,57.69,55,55,55
2,high,5,XinZhao,德邦总管,Fighter,战士,15,12,61.13,61,61,61,60.2,51,51,66
2,high,59,JarvanIV,德玛西亚皇子,Fighter,战士,11,11,72.55,62,66,87,58.91,51,51,57
2,high,86,Garen,德玛西亚之力,Fighter,战士,12,12,73.33,70,70,71.25,61.83,56,56.5,60.5
2,high,133,Quinn,德玛西亚之翼,Marksman,射手,9,8,50.67,49,49,49,44.33,41,41,41
2,high,235,Senna,涤魂圣枪,Support,辅助,7,7,45.71,44,44,44,44.86,41,41,47
2,high,25,Morgana,堕落天使,Support,辅助,13,13,45.77,45,45,45,41.77,41,41,41
2,high,35,Shaco,恶魔小丑,Assassin,刺客,9,9,58.78,55,55,55,54.33,51,51,51
2,high,61,Orianna,发条魔灵,Mage,法师,9,8,47.33,46,46,46,44.33,43,43,43
2,high,104,Graves,法外狂徒,Marksman,射手,18,17,64.56,54,54,76.5,44.33,41,41,41
2,high,92,Riven,放逐之刃,Fighter,战士,7,7,73.29,59,59,84,69.57,51,51,91
2,high,40,Janna,风暴之怒,Support,辅助,2,2,49,49,49,49,41,41,41,41
2,high,777,Yone,封魔剑魂,Fighter,战士,5,5,59,59,59,59,54,51,51,51
2,high,201,Braum,弗雷尔卓德之心,Tank,坦克,8,8,75.75,63,70.5,88,63.38,51,63,69.75
2,high,13,Ryze,符文法师,Mage,法师,7,7,42,42,42,42,49.43,43,43,43
2,high,63,Brand,复仇焰魂,Mage,法师,19,19,45.37,44,44,44,42.37,41,41,41
2,high,429,Kalista,复仇之矛,Marksman,射手,6,6,48.67,47,47,47,42.67,41,41,41
2,high,99,Lux,光辉女郎,Mage,法师,7,7,46.14,44,44,44,41,41,41,41
2,high,7,Leblanc,诡术妖姬,Assassin,刺客,6,6,44,42,42,42,43,41,41,41
2,high,420,Illaoi,海兽祭司,Fighter,战士,5,5,87.4,63,88,110,76.4,51,51,98
2,high,41,Gangplank,海洋之灾,Fighter,战士,10,9,58,58,58,58,51,51,51,51
2,high,876,Lillia,含羞蓓蕾,Fighter,战士,3,3,48,48,48,48,49,49,49,49
2,high,22,Ashe,寒冰射手,Marksman,射手,11,10,52,47,47,47,41,41,41,41
2,high,223,TahmKench,河流之王,Tank,坦克,6,6,81,66,66,84.75,66.83,51,51,51
2,high,1,Annie,黑暗之女,Mage,法师,8,7,43.25,42,42,42,41.63,41,41,41
2,high,497,Rakan,幻翎,Support,辅助,5,5,66.4,57,57,69,60.4,51,51,63
2,high,267,Nami,唤潮鲛姬,Support,辅助,9,9,61.33,52,52,52,50.33,41,41,41
2,high,58,Renekton,荒漠屠夫,Fighter,战士,6,5,76.67,63,69,84.75,59,47,53,72.5
2,high,805,Locke,灰烬驱魔人,Assassin,刺客,10,9,57,57,57,57,54,51,51,51
2,high,412,Thresh,魂锁典狱长,Support,辅助,10,10,75.3,60.75,70.5,84,53.3,41,47,66.5
2,high,68,Rumble,机械公敌,Fighter,战士,8,8,64.88,63,63,63,45,45,45,45
2,high,157,Yasuo,疾风剑豪,Fighter,战士,16,16,59.56,58,58,58,51,51,51,51
2,high,131,Diana,皎月女神,Fighter,战士,7,7,58.14,56,56,56,51,51,51,51
2,high,517,Sylas,解脱者,Mage,法师,20,18,60.7,57,57,57,57.2,52,52,52
2,high,143,Zyra,荆棘之兴,Mage,法师,13,12,50.85,49,49,49,42.85,41,41,41
2,high,103,Ahri,九尾妖狐,Mage,法师,12,12,45.83,41,41,44,45.83,41,41,44
2,high,79,Gragas,酒桶,Fighter,战士,13,12,76.31,66,66,81,61.69,51,51,63
2,high,48,Trundle,巨魔之王,Fighter,战士,6,5,72.17,63,63,81.75,56,51,51,51
2,high,4,TwistedFate,卡牌大师,Mage,法师,10,9,48,44,44,44,45,41,41,41
2,high,85,Kennen,狂暴之心,Mage,法师,11,11,51,51,51,51,41,41,41,41
2,high,233,Briar,狂厄蔷薇,Fighter,战士,13,12,59.46,52,52,64,60,51,51,61
2,high,76,Nidalee,狂野女猎手,Assassin,刺客,6,6,61.5,54,54,65.25,46,41,41,41
2,high,2,Olaf,狂战士,Fighter,战士,10,10,71.7,60,60,85,58.2,51,51,60
2,high,84,Akali,离群之刺,Assassin,刺客,6,6,50,50,50,50,56,56,56,56
2,high,888,Renata,炼金男爵,Support,辅助,16,14,51.25,48,48,48,44.25,41,41,41
2,high,27,Singed,炼金术士,Tank,坦克,15,14,66.8,59,59,71,63.8,51,63,79.5
2,high,887,Gwen,灵罗娃娃,Fighter,战士,7,6,66,66,66,66,51,51,51,51
2,high,800,Mel,流光镜影,Mage,法师,10,10,44,44,44,44,41,41,41,41
2,high,102,Shyvana,龙血武姬,Fighter,战士,16,14,75.88,67,74,78.25,59.88,55,59,63
2,high,18,Tristana,麦林炮手,Marksman,射手,18,18,51.56,49,49,49,41.28,39,39,39
2,high,23,Tryndamere,蛮族之王,Fighter,战士,9,9,68.78,60,60,72,53.67,51,51,51
2,high,64,LeeSin,盲僧,Fighter,战士,26,23,66.81,62,62,62,54.85,51,51,51
2,high,150,Gnar,迷失之牙,Fighter,战士,7,7,61.86,56,58,68,60.57,52,58,68.5
2,high,902,Milio,明烛,Support,辅助,9,9,71.89,47,64,102,58,41,41,71
2,high,350,Yuumi,魔法猫咪,Support,辅助,16,14,45.75,45,45,45,35.75,35,35,35
2,high,69,Cassiopeia,魔蛇之拥,Mage,法师,13,13,39,39,39,39,43,43,43,43
2,high,83,Yorick,牧魂人,Fighter,战士,10,10,72.1,62,62,83.75,66.6,51,51,81
2,high,142,Zoe,暮光星灵,Mage,法师,5,5,42,42,42,42,41,41,41,41
2,high,98,Shen,暮光之眼,Tank,坦克,6,6,100.5,62,77.5,91.5,73.33,63,64.5,77.25
2,high,897,KSante,纳祖芒荣耀,Tank,坦克,19,18,91.79,64,76,107.5,92.74,61,74,110
2,high,498,Xayah,逆羽,Marksman,射手,8,8,52.5,45,45,45,48.5,41,41,41
2,high,12,Alistar,牛头酋长,Tank,坦克,13,12,88.92,67,67,97,62.08,51,51,81
2,high,57,Maokai,扭曲树精,Tank,坦克,10,10,81.5,63,75.5,88,68,51,51,73.5
2,high,50,Swain,诺克萨斯统领,Mage,法师,14,12,56.21,46,46,58,54,42,42,52
2,high,122,Darius,诺克萨斯之手,Fighter,战士,12,12,76.17,65,65,82.5,63,51,51,81
2,high,33,Rammus,披甲龙龟,Tank,坦克,6,5,102.5,89.75,106,114,67.33,51,51,58.5
2,high,51,Caitlyn,皮城女警,Marksman,射手,11,10,48,48,48,48,41,41,41,41
2,high,254,Vi,皮城执法官,Fighter,战士,14,14,58.71,57,57,57,59.14,51,51,63
2,high,234,Viego,破败之王,Fighter,战士,12,12,62.08,60,60,60,56,51,51,51
2,high,62,MonkeyKing,齐天大圣,Fighter,战士,11,10,72.27,65,65,77.5,60.64,47,47,77
2,high,37,Sona,琴瑟仙女,Support,辅助,18,16,48.78,46,46,46,43.78,41,41,41
2,high,164,Camille,青钢影,Fighter,战士,5,5,73.4,61,61,86,62.4,51,63,66
2,high,119,Draven,荣耀行刑官,Marksman,射手,6,6,52,50,50,50,43,41,41,41
2,high,54,Malphite,熔岩巨兽,Tank,坦克,10,10,126.4,100.5,134,140,63.5,47,47,77
2,high,526,Rell,镕铁少女,Tank,坦克,8,8,72.88,55,72,84.25,64.5,46,58,79
2,high,268,Azir,沙漠皇帝,Mage,法师,8,8,47,47,47,47,41,41,41,41
2,high,360,Samira,沙漠玫瑰,Marksman,射手,8,8,53.88,47,50,57.5,42.25,41,41,42.25
2,high,75,Nasus,沙漠死神,Fighter,战士,5,5,77.4,73,76,86,59.4,51,51,63
2,high,516,Ornn,山隐之焰,Tank,坦克,16,16,95.81,71,86,105,75.5,58,58,93
2,high,32,Amumu,殇之木乃伊,Tank,坦克,6,6,74.67,58,70.5,83,71.83,51,66,92.25
2,high,21,MissFortune,赏金猎人,Marksman,射手,7,7,47.43,44,44,50,44.43,41,41,47
2,high,72,Skarner,上古领主,Tank,坦克,3,3,72.33,66.5,74,79,71,66,81,81
2,high,111,Nautilus,深海泰坦,Tank,坦克,14,14,89.86,77,92,104,82.43,63,72,89.75
2,high,96,KogMaw,深渊巨口,Marksman,射手,7,7,45.71,44,44,44,42.71,41,41,41
2,high,154,Zac,生化魔人,Tank,坦克,6,5,83.67,64,85.5,100.25,67.83,51,57,85.5
2,high,78,Poppy,圣锤之毅,Tank,坦克,12,11,79,68,68,81.75,69.83,55,61.5,88
2,high,236,Lucian,圣枪游侠,Marksman,射手,19,18,49.95,48,48,48,42.16,41,41,41
2,high,26,Zilean,时光守护者,Support,辅助,12,12,46,46,46,46,42.25,41,41,41
2,high,245,Ekko,时间刺客,Assassin,刺客,8,8,57,57,57,57,51,51,51,51
2,high,77,Udyr,兽灵行者,Fighter,战士,7,7,63.29,58,58,64,57,51,51,57
2,high,89,Leona,曙光女神,Tank,坦克,10,9,102.6,81.25,95,103.75,72.9,53.5,63,77.25
2,high,893,Aurora,双界灵兔,Mage,法师,5,5,44.2,44,44,44,43.2,43,43,43
2,high,30,Karthus,死亡颂唱者,Mage,法师,10,9,46.5,42,42,42,41,41,41,41
2,high,81,Ezreal,探险家,Marksman,射手,23,21,44.74,44,44,44,43.04,41,41,41
2,high,43,Karma,天启者,Mage,法师,6,6,52.17,50,50,50,42.67,41,41,41
2,high,82,Mordekaiser,铁铠冥魂,Fighter,战士,17,17,64.47,62,62,62,55.24,51,51,51
2,high,799,Ambessa,铁血狼母,Fighter,战士,12,10,63,62,62,62,52,51,51,51
2,high,28,Evelynn,痛苦之拥,Assassin,刺客,6,6,64.83,64,64,64,51.67,51,51,51
2,high,44,Taric,瓦洛兰之盾,Support,辅助,9,9,79,68,68,95,66.67,47,62,77
2,high,518,Neeko,万花通灵,Mage,法师,5,4,53,44,44,44,41,41,41,41
2,high,875,Sett,腕豪,Fighter,战士,21,20,74.19,60,72,85,68.1,47,77,77
2,high,14,Sion,亡灵战神,Tank,坦克,12,12,71.83,61,61,66.25,65.17,51,51,81.75
2,high,126,Jayce,未来守护者,Fighter,战士,9,8,55.11,44,56,61,50.33,41,46,58
2,high,29,Twitch,瘟疫之源,Marksman,射手,10,10,46,46,46,46,41,41,41,41
2,high,11,MasterYi,无极剑圣,Fighter,战士,19,17,59.63,59,59,59,51.63,51,51,51
2,high,114,Fiora,无双剑姬,Fighter,战士,11,10,68.18,60,72,72,59.18,51,63,63
2,high,6,Urgot,无畏战车,Fighter,战士,6,6,74,61,76.5,86,74.67,45,47,68.5
2,high,24,Jax,武器大师,Fighter,战士,12,12,65.75,61,61,61,59.5,51,51,67.5
2,high,202,Jhin,戏命师,Marksman,射手,20,18,48.2,45,45,45,42.2,41,41,41
2,high,117,Lulu,仙灵女巫,Support,辅助,7,6,49.14,47,47,47,41,41,41,41
2,high,45,Veigar,邪恶小法师,Mage,法师,5,5,41,41,41,41,43,43,43,43
2,high,432,Bard,星界游神,Support,辅助,5,5,58.8,56,56,58,43.6,41,41,42
2,high,147,Seraphine,星籁歌姬,Support,辅助,7,7,52,46,46,52,47,41,41,47
2,high,8,Vladimir,猩红收割者,Mage,法师,8,8,46.5,45,45,45,58.5,41,41,44
2,high,421,RekSai,虚空遁地兽,Fighter,战士,13,12,74,61,61,86,70.08,51,51,63
2,high,31,Chogath,虚空恐惧,Tank,坦克,10,10,86.2,68,68,86.75,70.7,51,57,81
2,high,121,Khazix,虚空掠夺者,Assassin,刺客,11,11,57.45,57,57,57,51.36,51,51,51
2,high,200,Belveth,虚空女皇,Fighter,战士,18,17,57.44,56,56,56,52.22,51,51,51
2,high,90,Malzahar,虚空先知,Mage,法师,6,5,45,39,39,48,47,41,41,50
2,high,38,Kassadin,虚空行者,Assassin,刺客,8,7,46,46,46,46,51.63,46,46,46
2,high,145,Kaisa,虚空之女,Marksman,射手,11,11,45,45,45,45,41,41,41,41
2,high,161,Velkoz,虚空之眼,Mage,法师,12,12,45.67,43,43,43,44.83,41,41,41.25
2,high,20,Nunu,雪原双子,Tank,坦克,11,9,72.09,54,66,81.5,96.27,51,63,101
2,high,555,Pyke,血港鬼影,Support,辅助,17,13,66.35,64,64,64,55.12,51,51,51
2,high,17,Teemo,迅捷斥候,Marksman,射手,7,7,48.86,45,45,51,42.71,41,41,41
2,high,163,Taliyah,岩雀,Mage,法师,4,3,42,39,39,42,42,39,39,42
2,high,910,Hwei,异画师,Mage,法师,11,10,45.82,42,42,42,44.82,41,41,41
2,high,42,Corki,英勇投弹手,Marksman,射手,6,6,48,48,48,48,41,41,41,41
2,high,141,Kayn,影流之镰,Fighter,战士,13,11,66.69,64,64,64,51.77,51,51,51
2,high,238,Zed,影流之主,Assassin,刺客,2,2,72.5,71.75,72.5,73.25,54,51,54,57
2,high,166,Akshan,影哨,Marksman,射手,10,10,48.2,47,47,47,42.2,41,41,41
2,high,56,Nocturne,永恒梦魇,Fighter,战士,9,9,66.33,63,63,63,59,49,49,64
2,high,203,Kindred,永猎双子,Marksman,射手,7,7,51.43,50,50,50,42.43,41,41,41
2,high,246,Qiyana,元素女皇,Assassin,刺客,7,7,65.86,57,57,70.5,59.86,51,51,59.5
2,high,9,FiddleSticks,远古恐惧,Mage,法师,9,9,55,55,55,55,41,41,41,41
2,high,101,Xerath,远古巫灵,Mage,法师,5,4,43,43,43,43,41,41,41,41
2,high,15,Sivir,战争女神,Marksman,射手,10,9,56.9,49,49,58,43.4,41,41,41
2,high,120,Hecarim,战争之影,Fighter,战士,19,17,69.21,61,61,73,60.26,51,51,64.5
2,high,53,Blitzcrank,蒸汽机器人,Tank,坦克,16,15,66.88,64,64,66.5,57.63,51,51,63
2,high,3,Galio,正义巨像,Tank,坦克,19,15,58.32,51,51,63,63.84,51,51,81
2,high,10,Kayle,正义天使,Mage,法师,9,9,51,51,51,51,38,38,38,38
2,high,60,Elise,蜘蛛女皇,Assassin,刺客,10,10,53.4,51,51,51,43.4,41,41,41
2,high,16,Soraka,众星之子,Support,辅助,11,11,59.64,54,54,54,46.64,41,41,41
2,high,136,AurelionSol,铸星龙王,Mage,法师,12,12,50.58,41,41,47.25,60.17,41,41,71
2,high,221,Zeri,祖安花火,Marksman,射手,5,5,44,44,44,44,41,41,41,41
2,high,36,DrMundo,祖安狂人,Tank,坦克,14,13,77.86,58,64,80.5,69.86,48,76.5,78
2,high,19,Warwick,祖安怒兽,Fighter,战士,5,5,59,59,59,59,63,51,51,81
3,high,134,Syndra,暗黑元首,Mage,法师,9,8,60.89,54,54,54,52.89,46,46,46
3,high,67,Vayne,暗夜猎手,Marksman,射手,35,27,65.71,55,55,60,50.43,46,46,46
3,high,266,Aatrox,暗裔剑魔,Fighter,战士,7,6,103.43,88.5,101,122,78.43,56,71,94.5
3,high,107,Rengar,傲之追猎者,Assassin,刺客,10,9,74,69,69,69,59,56,56,56
3,high,112,Viktor,奥术先驱,Mage,法师,13,12,67.23,54,54,66,51.54,46,46,48
3,high,950,Naafiri,百裂冥犬,Assassin,刺客,18,16,67.83,63,63,63,60.83,56,56,56
3,high,240,Kled,暴怒骑士,Fighter,战士,13,13,83.23,60,75,107,64.23,37,67,84
3,high,222,Jinx,暴走萝莉,Marksman,射手,9,8,59.89,56,56,56,49.89,46,46,46
3,high,115,Ziggs,爆破鬼才,Mage,法师,9,9,53,53,53,53,46,46,46,46
3,high,113,Sejuani,北地之怒,Tank,坦克,7,6,206.43,136,149,291,152.14,130,130,166.5
3,high,34,Anivia,冰晶凤凰,Mage,法师,6,5,57.5,48,54,62.25,53,46,46,55
3,high,127,Lissandra,冰霜女巫,Mage,法师,10,9,66.9,52,58,82,65.4,46,52,76
3,high,895,Nilah,不羁之悦,Fighter,战士,10,10,70.5,62,62,62,59,56,56,56
3,high,904,Zaahen,不落魔锋,Fighter,战士,10,10,86.4,75,75,96.75,67.6,56,57.5,68
3,high,106,Volibear,不灭狂雷,Fighter,战士,4,4,120.75,95.25,126.5,152,91.5,78.5,94.5,107.5
3,high,804,Yunara,不破之誓,Marksman,射手,14,13,57.79,56,56,56,46.86,46,46,46
3,high,80,Pantheon,不屈之枪,Fighter,战士,8,7,80.5,79,79,79,64.75,52,58,82
3,high,55,Katarina,不祥之刃,Assassin,刺客,19,19,78.53,69,69,81.5,62.26,56,56,59.5
3,high,523,Aphelios,残月之肃,Marksman,射手,6,6,60.5,56,56,65,48,46,46,46
3,high,105,Fizz,潮汐海灵,Assassin,刺客,13,12,66,63,63,63,61.31,56,56,56
3,high,110,Varus,惩戒之箭,Marksman,射手,8,8,67.63,53,55.5,73.25,48.13,46,46,47.25
3,high,901,Smolder,炽炎雏龙,Marksman,射手,25,23,55.24,53,53,53,48.2,46,46,46
3,high,711,Vex,愁云使者,Mage,法师,7,6,65.43,54,54,69,57.57,44,44,59
3,high,427,Ivern,翠神,Support,辅助,11,10,74.36,59,59,80,61.36,46,46,67
3,high,74,Heimerdinger,大发明家,Mage,法师,6,6,58.5,49,55,63.25,53,46,46,55
3,high,39,Irelia,刀锋舞者,Fighter,战士,6,6,80.5,73,73,88,59.67,54,54,65.25
3,high,91,Talon,刀锋之影,Assassin,刺客,13,13,71.38,67,67,67,62.85,60,60,60
3,high,5,XinZhao,德邦总管,Fighter,战士,15,12,81.53,71,71,72.5,71.93,56,56,88
3,high,59,JarvanIV,德玛西亚皇子,Fighter,战士,11,11,98.27,81,98,108,72.18,56,56,85.5
3,high,86,Garen,德玛西亚之力,Fighter,战士,12,12,91.75,84,85,88.25,82.25,65,66,69.25
3,high,133,Quinn,德玛西亚之翼,Marksman,射手,9,8,69.67,60,60,75,57.22,46,46,47
3,high,235,Senna,涤魂圣枪,Support,辅助,7,7,79.29,54,54,77.5,54.86,46,46,59.5
3,high,25,Morgana,堕落天使,Support,辅助,13,13,57.46,55,55,55,48.46,46,46,46
3,high,35,Shaco,恶魔小丑,Assassin,刺客,9,9,68,64,64,64,59.33,56,56,56
3,high,61,Orianna,发条魔灵,Mage,法师,9,8,56.11,56,56,56,48,48,48,48
3,high,104,Graves,法外狂徒,Marksman,射手,18,17,83.06,65,65,90,50.28,46,46,46
3,high,92,Riven,放逐之刃,Fighter,战士,7,7,79.86,69,79,80,71.43,56,66,82
3,high,40,Janna,风暴之怒,Support,辅助,2,2,59,59,59,59,46,46,46,46
3,high,777,Yone,封魔剑魂,Fighter,战士,5,5,70.6,70,70,70,59.6,56,56,59
3,high,201,Braum,弗雷尔卓德之心,Tank,坦克,8,8,117.88,92.75,106.5,118.5,92.63,67.25,78.5,87.25
3,high,13,Ryze,符文法师,Mage,法师,7,7,55.86,52,52,52,56.14,48,48,54
3,high,63,Brand,复仇焰魂,Mage,法师,19,19,55.89,54,54,54,47.89,46,46,46
3,high,429,Kalista,复仇之矛,Marksman,射手,6,6,73,58,58,84.25,51.83,46,46,46
3,high,99,Lux,光辉女郎,Mage,法师,7,7,57.14,55,55,55,46,46,46,46
3,high,7,Leblanc,诡术妖姬,Assassin,刺客,6,6,54,52,52,52,48,46,46,46
3,high,420,Illaoi,海兽祭司,Fighter,战士,5,5,98.4,74,99,121,81.4,56,56,103
3,high,41,Gangplank,海洋之灾,Fighter,战士,10,9,69.2,68,68,68,57.2,56,56,56
3,high,876,Lillia,含羞蓓蕾,Fighter,战士,3,3,58,58,58,58,54,54,54,54
3,high,22,Ashe,寒冰射手,Marksman,射手,11,10,63,58,58,58,46,46,46,46
3,high,223,TahmKench,河流之王,Tank,坦克,6,6,97.5,76,90.5,109.5,78.17,56,57.5,83
3,high,1,Annie,黑暗之女,Mage,法师,8,7,57,52,52,54.5,50.38,46,46,47.25
3,high,497,Rakan,幻翎,Support,辅助,5,5,90.4,80,98,103,78.4,68,86,91
3,high,267,Nami,唤潮鲛姬,Support,辅助,9,9,76,63,63,87,91.33,46,47,136
3,high,58,Renekton,荒漠屠夫,Fighter,战士,6,5,100.67,90.25,102.5,105,76,64,73,82
3,high,805,Locke,灰烬驱魔人,Assassin,刺客,10,9,68.8,67,67,67,60.6,56,56,56
3,high,412,Thresh,魂锁典狱长,Support,辅助,10,10,128.4,102,109,150.75,93.4,63.5,79.5,101.75
3,high,68,Rumble,机械公敌,Fighter,战士,8,8,74.88,73,73,73,50,50,50,50
3,high,157,Yasuo,疾风剑豪,Fighter,战士,16,16,72.06,69,69,69.75,57.25,56,56,56
3,high,131,Diana,皎月女神,Fighter,战士,7,7,68.14,66,66,66,56,56,56,56
3,high,517,Sylas,解脱者,Mage,法师,20,18,74.15,69,69,69,65.5,59,59,59
3,high,143,Zyra,荆棘之兴,Mage,法师,13,12,65.69,59,59,61,52.31,46,46,47
3,high,103,Ahri,九尾妖狐,Mage,法师,12,12,58.42,51,51,64.25,53.33,46,46,59
3,high,79,Gragas,酒桶,Fighter,战士,13,12,107.69,77,107,112,76.69,56,71,91
3,high,48,Trundle,巨魔之王,Fighter,战士,6,5,83.5,73,75,95.75,89.5,56,57.5,79.25
3,high,4,TwistedFate,卡牌大师,Mage,法师,10,9,64.8,54,54,76.5,56.8,46,46,68.5
3,high,85,Kennen,狂暴之心,Mage,法师,11,11,74.09,62,62,87,53.36,46,46,56.5
3,high,233,Briar,狂厄蔷薇,Fighter,战士,13,12,73.23,60,65,85,70.69,56,56,86
3,high,76,Nidalee,狂野女猎手,Assassin,刺客,6,6,73.67,65,66.5,77,51.83,46,46,47.5
3,high,2,Olaf,狂战士,Fighter,战士,10,10,94.2,80,80,106.5,70.2,66,66,67.5
3,high,84,Akali,离群之刺,Assassin,刺客,6,6,60,60,60,60,61,61,61,61
3,high,888,Renata,炼金男爵,Support,辅助,16,14,64.44,59,59,62,52.06,46,46,49
3,high,27,Singed,炼金术士,Tank,坦克,15,14,93.47,69,72,105,85.4,56,86,96.5
3,high,887,Gwen,灵罗娃娃,Fighter,战士,7,6,84.86,77,77,77,56,56,56,56
3,high,800,Mel,流光镜影,Mage,法师,10,10,55.3,55,55,55,46.1,46,46,46
3,high,102,Shyvana,龙血武姬,Fighter,战士,16,14,96.06,83,93,101,73.56,66,71,78
3,high,18,Tristana,麦林炮手,Marksman,射手,18,18,62.56,59,59,67.75,47.11,44,44,49
3,high,23,Tryndamere,蛮族之王,Fighter,战士,9,9,79.78,71,71,83,58.67,56,56,56
3,high,64,LeeSin,盲僧,Fighter,战士,26,23,83.46,72,72,84,62.27,56,56,58.25
3,high,150,Gnar,迷失之牙,Fighter,战士,7,7,92.57,65.5,76,90,87.29,63,66,82.5
3,high,902,Milio,明烛,Support,辅助,9,9,91.44,58,88,113,71.56,46,76,84
3,high,350,Yuumi,魔法猫咪,Support,辅助,16,14,62.13,55,55,55.5,47.06,40,40,40.25
3,high,69,Cassiopeia,魔蛇之拥,Mage,法师,13,13,54.77,50,50,50,52.69,48,48,48
3,high,83,Yorick,牧魂人,Fighter,战士,10,10,109.4,72.75,90.5,107.5,71.9,56,57.5,86
3,high,142,Zoe,暮光星灵,Mage,法师,5,5,53,53,53,53,46,46,46,46
3,high,98,Shen,暮光之眼,Tank,坦克,6,6,149.17,80.75,132.5,221,84.17,68.75,78.5,98.75
3,high,897,KSante,纳祖芒荣耀,Tank,坦克,19,18,131.21,100.5,131,156,114.58,71.5,114,150
3,high,498,Xayah,逆羽,Marksman,射手,8,8,69.38,55,55,68.75,53.5,46,46,46
3,high,12,Alistar,牛头酋长,Tank,坦克,13,12,126.54,77,114,137,73.62,56,68,86
3,high,57,Maokai,扭曲树精,Tank,坦克,10,10,126.5,101.25,105,151.25,105.2,63.5,86,143.5
3,high,50,Swain,诺克萨斯统领,Mage,法师,14,12,73.5,57,60.5,78.75,77.14,48,51,88.25
3,high,122,Darius,诺克萨斯之手,Fighter,战士,12,12,88.92,77,78.5,94.5,68.58,56,57.5,86
3,high,33,Rammus,披甲龙龟,Tank,坦克,6,5,192.67,147,203.5,234.5,117.83,68.5,127,153.25
3,high,51,Caitlyn,皮城女警,Marksman,射手,11,10,59,59,59,59,46,46,46,46
3,high,254,Vi,皮城执法官,Fighter,战士,14,14,72.29,67,67,67,66.64,56,56,81.5
3,high,234,Viego,破败之王,Fighter,战士,12,12,73.08,71,71,71,61,56,56,56
3,high,62,MonkeyKing,齐天大圣,Fighter,战士,11,10,109.64,76,106,125.5,72.36,52,82,82
3,high,37,Sona,琴瑟仙女,Support,辅助,18,16,73.56,56,56,82.25,56.28,46,46,46
3,high,164,Camille,青钢影,Fighter,战士,5,5,90.4,71,96,106,74.4,56,68,71
3,high,119,Draven,荣耀行刑官,Marksman,射手,6,6,67,60,60,69,53,46,46,55
3,high,54,Malphite,熔岩巨兽,Tank,坦克,10,10,221.9,141,184.5,251.25,96.6,82,92,109.5
3,high,526,Rell,镕铁少女,Tank,坦克,8,8,132.63,97,122.5,151.25,120.38,70.5,84,152.75
3,high,268,Azir,沙漠皇帝,Mage,法师,8,8,62.75,58,58,58.75,50.5,46,46,46.25
3,high,360,Samira,沙漠玫瑰,Marksman,射手,8,8,64.88,58,63,65.5,47.88,46,46,51
3,high,75,Nasus,沙漠死神,Fighter,战士,5,5,87.4,83,86,96,64.4,56,56,68
3,high,516,Ornn,山隐之焰,Tank,坦克,16,16,155.5,109.25,135,178.75,114.25,65,102.5,150.25
3,high,32,Amumu,殇之木乃伊,Tank,坦克,6,6,115.83,93.25,107,120.75,108.83,89.75,103.5,113.5
3,high,21,MissFortune,赏金猎人,Marksman,射手,7,7,59.14,54,54,66,51.14,46,46,58
3,high,72,Skarner,上古领主,Tank,坦克,3,3,122.33,76.5,84,149,143.67,103.5,121,172.5
3,high,111,Nautilus,深海泰坦,Tank,坦克,14,14,118.93,81,103,136.75,97.14,69,86,113
3,high,96,KogMaw,深渊巨口,Marksman,射手,7,7,68,55,55,67,51.14,46,46,58
3,high,154,Zac,生化魔人,Tank,坦克,6,5,125.67,111.25,119,132,102.83,77.5,112,125.5
3,high,78,Poppy,圣锤之毅,Tank,坦克,12,11,104.75,80,80,106.5,92.17,70.75,94,95.25
3,high,236,Lucian,圣枪游侠,Marksman,射手,19,18,61.26,58,58,60.5,48.05,46,46,48.5
3,high,26,Zilean,时光守护者,Support,辅助,12,12,65,57,57,63.75,50.42,46,46,48.5
3,high,245,Ekko,时间刺客,Assassin,刺客,8,8,68.88,67,67,67.75,57.88,56,56,56.75
3,high,77,Udyr,兽灵行者,Fighter,战士,7,7,80.14,68,71,86.5,62.43,56,56,63.5
3,high,89,Leona,曙光女神,Tank,坦克,10,9,176.5,123,147,233.25,126,103,126,147.75
3,high,893,Aurora,双界灵兔,Mage,法师,5,5,54.4,54,54,54,48.2,48,48,48
3,high,30,Karthus,死亡颂唱者,Mage,法师,10,9,59.9,53,53,62,48.4,46,46,46
3,high,81,Ezreal,探险家,Marksman,射手,23,21,57.09,54,54,57.5,50.22,46,46,49.5
3,high,43,Karma,天启者,Mage,法师,6,6,99,64.75,83.5,106,82.5,48.5,66,91
3,high,82,Mordekaiser,铁铠冥魂,Fighter,战士,17,17,90.88,72,72,102,77.41,56,56,86
3,high,799,Ambessa,铁血狼母,Fighter,战士,12,10,76.5,73,73,73,57,56,56,56
3,high,28,Evelynn,痛苦之拥,Assassin,刺客,6,6,77.5,74,74,78.5,63.5,56,56,59.75
3,high,44,Taric,瓦洛兰之盾,Support,辅助,9,9,138.44,82,105,147,85.33,67,82,92
3,high,518,Neeko,万花通灵,Mage,法师,5,4,67.6,61,61,61,49,46,51,51
3,high,875,Sett,腕豪,Fighter,战士,21,20,104.76,70,95,105,81.19,52,82,94
3,high,14,Sion,亡灵战神,Tank,坦克,12,12,93.92,71,72.5,104,82.33,56,71,97.75
3,high,126,Jayce,未来守护者,Fighter,战士,9,8,66.67,55,67,67,56,46,58,58
3,high,29,Twitch,瘟疫之源,Marksman,射手,10,10,59.5,56,56,56,57.2,46,46,46
3,high,11,MasterYi,无极剑圣,Fighter,战士,19,17,80.05,69,69,76.5,58.37,56,56,56
3,high,114,Fiora,无双剑姬,Fighter,战士,11,10,84.09,70,82,91,70.09,56,68,77
3,high,6,Urgot,无畏战车,Fighter,战士,6,6,86.33,72,87.5,97.75,82.17,51,57,76.5
3,high,24,Jax,武器大师,Fighter,战士,12,12,87.83,71,71,102.25,69.92,56,56,86
3,high,202,Jhin,戏命师,Marksman,射手,20,18,61,56,56,63.5,48.6,46,46,48
3,high,117,Lulu,仙灵女巫,Support,辅助,7,6,69,58,58,71.5,54.86,46,46,52
3,high,45,Veigar,邪恶小法师,Mage,法师,5,5,52,52,52,52,48,48,48,48
3,high,432,Bard,星界游神,Support,辅助,5,5,70.8,67,67,70,49,46,46,47
3,high,147,Seraphine,星籁歌姬,Support,辅助,7,7,66.29,56,56,77,56.29,46,46,67
3,high,8,Vladimir,猩红收割者,Mage,法师,8,8,60.25,55,55,58,67.38,46,46,62.5
3,high,421,RekSai,虚空遁地兽,Fighter,战士,13,12,90.62,71,86,100,75.77,56,56,70
3,high,31,Chogath,虚空恐惧,Tank,坦克,10,10,112.7,80,97.5,130.5,91.7,72.5,86,112.25
3,high,121,Khazix,虚空掠夺者,Assassin,刺客,11,11,68.82,67,67,67,56.45,56,56,56
3,high,200,Belveth,虚空女皇,Fighter,战士,18,17,87.89,67,74,102,64.78,56,56,65.75
3,high,90,Malzahar,虚空先知,Mage,法师,6,5,56,50,50,59,52,46,46,55
3,high,38,Kassadin,虚空行者,Assassin,刺客,8,7,55,55,55,55,56.63,51,51,51
3,high,145,Kaisa,虚空之女,Marksman,射手,11,11,57.73,55,55,55,48.73,46,46,46
3,high,161,Velkoz,虚空之眼,Mage,法师,12,12,58.25,54,54,57,50.83,46,46,50
3,high,20,Nunu,雪原双子,Tank,坦克,11,9,105.27,70,94,121.5,123.18,62,116,162
3,high,555,Pyke,血港鬼影,Support,辅助,17,13,78.12,74,74,74,61.88,56,56,56
3,high,17,Teemo,迅捷斥候,Marksman,射手,7,7,59.57,55,55,62.5,48.29,46,46,46
3,high,163,Taliyah,岩雀,Mage,法师,4,3,53,50,50,53,50.75,44,50,56.75
3,high,910,Hwei,异画师,Mage,法师,11,10,59.55,53,53,59,52.55,46,46,52
3,high,42,Corki,英勇投弹手,Marksman,射手,6,6,58,58,58,58,46,46,46,46
3,high,141,Kayn,影流之镰,Fighter,战士,13,11,80.54,74,74,74,60.62,56,56,56
3,high,238,Zed,影流之主,Assassin,刺客,2,2,82.5,81.75,82.5,83.25,59,56,59,62
3,high,166,Akshan,影哨,Marksman,射手,10,10,59.7,58,58,58,47.7,46,46,46
3,high,56,Nocturne,永恒梦魇,Fighter,战士,9,9,88.89,73,73,103,64.22,54,54,69
3,high,203,Kindred,永猎双子,Marksman,射手,7,7,68.14,61,61,61,53.14,46,46,46
3,high,246,Qiyana,元素女皇,Assassin,刺客,7,7,76,67,67,80.5,65.14,56,56,65.5
3,high,9,FiddleSticks,远古恐惧,Mage,法师,9,9,69.67,66,66,66,49.44,46,46,46
3,high,101,Xerath,远古巫灵,Mage,法师,5,4,54,54,54,54,46,46,46,46
3,high,15,Sivir,战争女神,Marksman,射手,10,9,72.6,59,60,71,48.5,46,46,46.75
3,high,120,Hecarim,战争之影,Fighter,战士,19,17,98.11,73,85,111.5,75.05,56,68,88.5
3,high,53,Blitzcrank,蒸汽机器人,Tank,坦克,16,15,87.81,74,74,96.5,73.56,56,68,86
3,high,3,Galio,正义巨像,Tank,坦克,19,15,89.95,61,89,101,84.89,56,86,86
3,high,10,Kayle,正义天使,Mage,法师,9,9,58.56,56,56,56,40.56,38,38,38
3,high,60,Elise,蜘蛛女皇,Assassin,刺客,10,10,63.7,61,61,61,48.6,46,46,46
3,high,16,Soraka,众星之子,Support,辅助,11,11,85.09,65,77,107.5,67.45,46,58,88.5
3,high,136,AurelionSol,铸星龙王,Mage,法师,12,12,60.75,51,51,58.75,71.92,46,46.5,76
3,high,221,Zeri,祖安花火,Marksman,射手,5,5,54,54,54,54,46,46,46,46
3,high,36,DrMundo,祖安狂人,Tank,坦克,14,13,99.93,68,80,104.75,117.29,71.5,91,145
3,high,19,Warwick,祖安怒兽,Fighter,战士,5,5,69,69,69,69,68,56,56,86
4,high,134,Syndra,暗黑元首,Mage,法师,9,8,72,64,64,64,63.44,51,51,81
4,high,67,Vayne,暗夜猎手,Marksman,射手,35,27,78.77,66,66,88.5,58.29,51,51,51
4,high,266,Aatrox,暗裔剑魔,Fighter,战士,7,6,114.43,99.5,112,133,85.43,63,78,101.5
4,high,107,Rengar,傲之追猎者,Assassin,刺客,10,9,84,79,79,79,66,63,63,63
4,high,112,Viktor,奥术先驱,Mage,法师,13,12,78.46,65,65,80,56.69,51,51,53
4,high,950,Naafiri,百裂冥犬,Assassin,刺客,18,16,77.83,73,73,73,70.33,63,63,63
4,high,240,Kled,暴怒骑士,Fighter,战士,13,13,98.46,82,95,117,74.92,53,83,90
4,high,222,Jinx,暴走萝莉,Marksman,射手,9,8,69.89,66,66,66,54.89,51,51,51
4,high,115,Ziggs,爆破鬼才,Mage,法师,9,9,65,65,65,65,51,51,51,51
4,high,113,Sejuani,北地之怒,Tank,坦克,7,6,238.14,161,234,318,167.14,139,160,175.5
4,high,34,Anivia,冰晶凤凰,Mage,法师,6,5,71.5,61,71.5,79.75,69.5,51,63,79.5
4,high,127,Lissandra,冰霜女巫,Mage,法师,10,9,84.3,62,68,102.25,74.3,51,57,84.75
4,high,895,Nilah,不羁之悦,Fighter,战士,10,10,81.7,72,72,81,67.2,63,63,63
4,high,904,Zaahen,不落魔锋,Fighter,战士,10,10,104.2,87,87,113.25,79.7,63,68,89.25
4,high,106,Volibear,不灭狂雷,Fighter,战士,4,4,147.5,139,164,172.5,105.25,85.5,110.5,130.25
4,high,804,Yunara,不破之誓,Marksman,射手,14,13,70.86,67,67,67,54.86,51,51,51
4,high,80,Pantheon,不屈之枪,Fighter,战士,8,7,94.25,90,90,92.5,74.5,59,71,89
4,high,55,Katarina,不祥之刃,Assassin,刺客,19,19,94.26,81,81,103.5,73.53,63,63,68.5
4,high,523,Aphelios,残月之肃,Marksman,射手,6,6,70.5,66,66,75,53,51,51,51
4,high,105,Fizz,潮汐海灵,Assassin,刺客,13,12,82.85,74,74,86,76.46,63,63,88
4,high,110,Varus,惩戒之箭,Marksman,射手,8,8,80.63,63,71.5,92.25,61.75,51,53.5,66
4,high,901,Smolder,炽炎雏龙,Marksman,射手,24,22,66.38,63,63,63,53.75,51,51,51
4,high,711,Vex,愁云使者,Mage,法师,7,6,81.71,65,65,98.5,62.57,49,49,64
4,high,427,Ivern,翠神,Support,辅助,10,9,90.1,71,71,99.5,70.1,51,51,79.5
4,high,74,Heimerdinger,大发明家,Mage,法师,6,6,76.83,59,66.5,85.25,58,51,51,60
4,high,39,Irelia,刀锋舞者,Fighter,战士,6,6,94.17,85,90,102.5,65.17,61,61,68.5
4,high,91,Talon,刀锋之影,Assassin,刺客,13,13,83.85,79,79,79,70.08,67,67,67
4,high,5,XinZhao,德邦总管,Fighter,战士,15,12,98.13,82,82,112,85.53,63,75,104
4,high,59,JarvanIV,德玛西亚皇子,Fighter,战士,11,11,121.45,102.5,109,130,84.91,63,75,101.5
4,high,86,Garen,德玛西亚之力,Fighter,战士,12,12,109,97,102.5,112,94.33,73.75,77.5,88
4,high,133,Quinn,德玛西亚之翼,Marksman,射手,9,8,82,72,72,87,62.56,51,51,55
4,high,235,Senna,涤魂圣枪,Support,辅助,7,7,91.43,64,64,93.5,63.71,51,51,64.5
4,high,25,Morgana,堕落天使,Support,辅助,13,13,68.08,65,65,65,54.08,51,51,51
4,high,35,Shaco,恶魔小丑,Assassin,刺客,8,8,77.75,74,74,74,66.75,63,63,63
4,high,61,Orianna,发条魔灵,Mage,法师,9,8,67.56,66,66,66,54.33,53,53,53
4,high,104,Graves,法外狂徒,Marksman,射手,18,17,106.44,76,85.5,112.75,63.11,51,51,60.25
4,high,92,Riven,放逐之刃,Fighter,战士,7,7,91.71,80,90,91,79,63,73,89
4,high,40,Janna,风暴之怒,Support,辅助,2,2,70,70,70,70,51,51,51,51
4,high,777,Yone,封魔剑魂,Fighter,战士,5,5,87,81,87,93,71.8,63,68,75
4,high,201,Braum,弗雷尔卓德之心,Tank,坦克,8,8,136.13,107.25,124,139.5,104.88,75.75,87,102.5
4,high,13,Ryze,符文法师,Mage,法师,7,7,73,62,62,75.5,61.14,53,53,59
4,high,63,Brand,复仇焰魂,Mage,法师,19,19,67.16,64,64,64,53.95,51,51,51
4,high,429,Kalista,复仇之矛,Marksman,射手,6,6,96.83,71,88.5,117.25,65.17,51,51,77.25
4,high,99,Lux,光辉女郎,Mage,法师,7,7,76.14,68,68,75.5,57,51,51,51
4,high,7,Leblanc,诡术妖姬,Assassin,刺客,6,6,64,62,62,62,53,51,51,51
4,high,420,Illaoi,海兽祭司,Fighter,战士,5,5,118.4,111,126,133,88.4,63,63,110
4,high,41,Gangplank,海洋之灾,Fighter,战士,9,8,88.33,80,80,80,69.67,63,63,63
4,high,876,Lillia,含羞蓓蕾,Fighter,战士,3,3,69,69,69,69,59,59,59,59
4,high,22,Ashe,寒冰射手,Marksman,射手,11,10,81.91,69,69,69,54.82,51,51,51
4,high,223,TahmKench,河流之王,Tank,坦克,6,6,110.33,88,105,122.75,85.5,63,65.5,90.5
4,high,1,Annie,黑暗之女,Mage,法师,8,7,67.75,62,62,66,55.75,51,51,53
4,high,497,Rakan,幻翎,Support,辅助,5,5,102.4,92,110,115,85.4,75,93,98
4,high,267,Nami,唤潮鲛姬,Support,辅助,9,9,94.89,76,76,106,103.56,51,55,141
4,high,58,Renekton,荒漠屠夫,Fighter,战士,4,4,108.25,105.75,114.5,117,89,81.5,89,96.5
4,high,805,Locke,灰烬驱魔人,Assassin,刺客,10,9,89.2,77,77,93.5,67.8,63,63,63
4,high,412,Thresh,魂锁典狱长,Support,辅助,10,10,148.2,121,129.5,169.75,110.9,68.5,100,127
4,high,68,Rumble,机械公敌,Fighter,战士,8,8,89.38,85,85,85,57.5,55,55,55
4,high,157,Yasuo,疾风剑豪,Fighter,战士,16,16,87.5,80,80,90.5,67.88,63,63,68.25
4,high,131,Diana,皎月女神,Fighter,战士,7,7,79.14,77,77,77,63,63,63,63
4,high,517,Sylas,解脱者,Mage,法师,20,18,87.9,81,81,91.5,74.2,66,66,76.5
4,high,143,Zyra,荆棘之兴,Mage,法师,13,12,77,69,69,75,58.46,51,51,55
4,high,103,Ahri,九尾妖狐,Mage,法师,12,12,69.5,61,62.5,75.25,58.92,51,52,64.75
4,high,79,Gragas,酒桶,Fighter,战士,13,12,128.31,89,119,124,92.54,73,93,98
4,high,48,Trundle,巨魔之王,Fighter,战士,6,5,96.67,84,90,109.5,98.83,64.25,71.5,88.5
4,high,4,TwistedFate,卡牌大师,Mage,法师,10,9,79.5,65,66.5,95,65.5,51,52.5,81
4,high,85,Kennen,狂暴之心,Mage,法师,11,11,88.82,74,74,104,56.64,51,51,52
4,high,233,Briar,狂厄蔷薇,Fighter,战士,13,12,88.77,69,84,104,83.92,63,69,99
4,high,76,Nidalee,狂野女猎手,Assassin,刺客,5,5,89,78,84,93,68.4,52,56,85
4,high,2,Olaf,狂战士,Fighter,战士,9,9,108,90,90,120,81,73,73,85
4,high,84,Akali,离群之刺,Assassin,刺客,6,6,72,72,72,72,68,68,68,68
4,high,888,Renata,炼金男爵,Support,辅助,16,14,77.19,71,71,74,57.81,51,51,54
4,high,27,Singed,炼金术士,Tank,坦克,15,14,123.67,88.5,115,134.5,104.6,91.5,96,113
4,high,887,Gwen,灵罗娃娃,Fighter,战士,7,6,100.29,89,89,101,66.43,63,63,63
4,high,800,Mel,流光镜影,Mage,法师,10,10,69.7,68,68,68,52.6,51,51,51
4,high,102,Shyvana,龙血武姬,Fighter,战士,16,14,119.56,110.5,116.5,126,89.5,83,88,94
4,high,18,Tristana,麦林炮手,Marksman,射手,18,18,72.94,69,69,79.25,52.22,49,49,56.25
4,high,23,Tryndamere,蛮族之王,Fighter,战士,9,9,92.44,82,82,94,67.33,63,63,63
4,high,64,LeeSin,盲僧,Fighter,战士,26,23,99.54,83,83,113,74.23,63,63,89.25
4,high,150,Gnar,迷失之牙,Fighter,战士,7,7,102.43,75.5,86,98.5,80.14,68,71,87.5
4,high,902,Milio,明烛,Support,辅助,8,8,116.88,91.5,127.5,146,91,73.5,96,110
4,high,350,Yuumi,魔法猫咪,Support,辅助,16,14,70.63,65,65,66.25,49.56,44,44,45
4,high,69,Cassiopeia,魔蛇之拥,Mage,法师,13,13,68.38,62,62,66,58.23,53,53,57
4,high,83,Yorick,牧魂人,Fighter,战士,10,10,122.4,91.25,101.5,118.5,80.3,63,71.5,93
4,high,142,Zoe,暮光星灵,Mage,法师,5,5,65,65,65,65,51,51,51,51
4,high,98,Shen,暮光之眼,Tank,坦克,6,6,165.17,111,142.5,232.5,101.33,82.5,101.5,117.5
4,high,897,KSante,纳祖芒荣耀,Tank,坦克,18,17,147.06,100.75,144,166.75,132.22,73.75,143.5,165.75
4,high,498,Xayah,逆羽,Marksman,射手,8,8,81.25,65,65,80,58.5,51,51,51
4,high,12,Alistar,牛头酋长,Tank,坦克,13,12,147.85,89,126,149,80.62,63,75,93
4,high,57,Maokai,扭曲树精,Tank,坦克,10,10,138.7,113.25,117,163.25,112.2,70.5,93,150.5
4,high,50,Swain,诺克萨斯统领,Mage,法师,14,12,91,69,81,112.75,83.5,53,61.5,93.25
4,high,122,Darius,诺克萨斯之手,Fighter,战士,12,12,105.33,89,99,106.5,76.92,63,65.5,93
4,high,33,Rammus,披甲龙龟,Tank,坦克,6,5,163.67,143,152,197,103,70.5,103,128
4,high,51,Caitlyn,皮城女警,Marksman,射手,11,10,71,71,71,71,51,51,51,51
4,high,254,Vi,皮城执法官,Fighter,战士,14,14,88.14,79,79,79,77.5,63,63,91.5
4,high,234,Viego,破败之王,Fighter,战士,12,12,88.83,82,82,85,69,63,63,63
4,high,62,MonkeyKing,齐天大圣,Fighter,战士,11,10,131.73,121,127,148.5,80.55,62.5,89,89
4,high,37,Sona,琴瑟仙女,Support,辅助,18,16,83.67,66,66,92.25,61.28,51,51,51
4,high,164,Camille,青钢影,Fighter,战士,5,5,103.8,94,107,117,83.8,63,75,90
4,high,119,Draven,荣耀行刑官,Marksman,射手,6,6,78,71,71,80,58,51,51,60
4,high,54,Malphite,熔岩巨兽,Tank,坦克,10,10,265.7,170.5,217.5,319,103.7,89,99,116.5
4,high,526,Rell,镕铁少女,Tank,坦克,8,8,147.13,115.5,141,163.25,126.38,69,98,168
4,high,268,Azir,沙漠皇帝,Mage,法师,8,8,76,71,71,72.25,55.88,51,51,52
4,high,360,Samira,沙漠玫瑰,Marksman,射手,8,8,80.63,70,78,89,57.75,51,53.5,59
4,high,75,Nasus,沙漠死神,Fighter,战士,5,5,104.2,95,98,108,75,63,63,75
4,high,516,Ornn,山隐之焰,Tank,坦克,16,16,188,136.5,173,207.75,140.06,107,126,165.25
4,high,32,Amumu,殇之木乃伊,Tank,坦克,6,6,126.17,103.25,117,130.75,122.5,104.25,110.5,120.5
4,high,21,MissFortune,赏金猎人,Marksman,射手,7,7,69.14,64,64,76,56.14,51,51,63
4,high,72,Skarner,上古领主,Tank,坦克,3,3,171.33,87.5,95,217,178,151.5,210,220.5
4,high,111,Nautilus,深海泰坦,Tank,坦克,14,14,139.93,113.25,126.5,164,106.71,82.5,95.5,120
4,high,96,KogMaw,深渊巨口,Marksman,射手,7,7,88.57,72,78,99.5,57.86,51,63,63
4,high,154,Zac,生化魔人,Tank,坦克,6,5,149.67,123.25,131,155.25,128.5,84.5,124,138.75
4,high,78,Poppy,圣锤之毅,Tank,坦克,12,11,118.25,93,97,118.5,99.83,77.75,101,105.25
4,high,236,Lucian,圣枪游侠,Marksman,射手,19,18,74.11,68,68,73,55.89,51,51,56
4,high,26,Zilean,时光守护者,Support,辅助,12,12,80.17,70,76,77.5,56.25,52.5,53,54.25
4,high,245,Ekko,时间刺客,Assassin,刺客,8,8,82.63,77,81.5,89,68.38,63,66.5,75
4,high,77,Udyr,兽灵行者,Fighter,战士,7,7,117.57,83,92,115,81.14,63,68,84
4,high,89,Leona,曙光女神,Tank,坦克,10,9,192.2,132,158,250.5,133.5,111.25,138,156.5
4,high,893,Aurora,双界灵兔,Mage,法师,5,5,66,65,65,65,53.8,53,53,53
4,high,30,Karthus,死亡颂唱者,Mage,法师,9,8,75.67,65,65,77,55,51,51,51
4,high,81,Ezreal,探险家,Marksman,射手,23,21,69.22,64,64,69,57.13,51,51,56
4,high,43,Karma,天启者,Mage,法师,6,6,129.67,81.5,121.5,146.5,107.67,82.25,98.5,129.75
4,high,82,Mordekaiser,铁铠冥魂,Fighter,战士,17,17,107.82,82,82,112,86.18,63,63,93
4,high,799,Ambessa,铁血狼母,Fighter,战士,12,10,91.42,85,85,88,70.67,63,63,66
4,high,28,Evelynn,痛苦之拥,Assassin,刺客,6,6,95.17,86,86,93.5,75.83,63,66.5,87.25
4,high,44,Taric,瓦洛兰之盾,Support,辅助,9,9,161.67,116,145,168,103.44,89,89,125
4,high,518,Neeko,万花通灵,Mage,法师,5,4,77,68,68,68,51,51,51,51
4,high,875,Sett,腕豪,Fighter,战士,20,19,119.8,82,107,122.75,89.05,59,89,105.5
4,high,14,Sion,亡灵战神,Tank,坦克,12,12,109.67,81,84.5,114,100.83,74.25,101.5,129.25
4,high,126,Jayce,未来守护者,Fighter,战士,9,8,86.67,80,85,97,68,63,68,72
4,high,29,Twitch,瘟疫之源,Marksman,射手,10,10,75,66,66,66,54.5,51,51,51
4,high,11,MasterYi,无极剑圣,Fighter,战士,19,17,92.11,80,80,97.5,68.68,63,63,63
4,high,114,Fiora,无双剑姬,Fighter,战士,11,10,98.27,82,94,109,84,63,75,90
4,high,6,Urgot,无畏战车,Fighter,战士,6,6,106.67,88.25,112.5,122.5,97.5,58,68,94.5
4,high,24,Jax,武器大师,Fighter,战士,12,12,110.08,81,108.5,121.5,83.17,63,75,94.25
4,high,202,Jhin,戏命师,Marksman,射手,20,18,73.9,68,68,80,53.95,51,51,53.75
4,high,117,Lulu,仙灵女巫,Support,辅助,7,6,86.71,69,81,100,66.57,51,63,74.5
4,high,45,Veigar,邪恶小法师,Mage,法师,5,5,69.8,65,65,65,57.8,53,53,53
4,high,432,Bard,星界游神,Support,辅助,5,5,87.6,80,80,99,57.8,51,51,68
4,high,147,Seraphine,星籁歌姬,Support,辅助,6,6,80,66,72,91.5,65,51,57,76.5
4,high,8,Vladimir,猩红收割者,Mage,法师,8,8,71.25,66,66,69,72.5,51,51,67.5
4,high,421,RekSai,虚空遁地兽,Fighter,战士,13,12,105.92,82,97,127,86.54,63,68,93
4,high,31,Chogath,虚空恐惧,Tank,坦克,10,10,130.2,93,129,145.5,98.7,79.5,93,119.25
4,high,121,Khazix,虚空掠夺者,Assassin,刺客,11,11,79.27,77,77,77,65,63,63,63
4,high,200,Belveth,虚空女皇,Fighter,战士,18,17,103.94,85,102.5,121.5,73.11,63,65.5,74.5
4,high,90,Malzahar,虚空先知,Mage,法师,6,5,70,62,62,71,59,51,51,60
4,high,38,Kassadin,虚空行者,Assassin,刺客,8,7,77.5,65,65,77.5,61.63,56,56,56
4,high,145,Kaisa,虚空之女,Marksman,射手,11,11,70.45,65,65,74,56.09,51,51,58
4,high,161,Velkoz,虚空之眼,Mage,法师,12,12,71.92,66,66,74.25,56.25,51,51,57
4,high,20,Nunu,雪原双子,Tank,坦克,11,9,121.82,80,104,148.5,137.55,75,123,175
4,high,555,Pyke,血港鬼影,Support,辅助,17,13,91.41,86,86,86,70.18,63,63,63
4,high,17,Teemo,迅捷斥候,Marksman,射手,7,7,71.29,66,66,73.5,53.71,51,51,51
4,high,163,Taliyah,岩雀,Mage,法师,4,3,72.5,62,68,78.5,63.25,49,55,69.25
4,high,910,Hwei,异画师,Mage,法师,11,10,73.18,65,65,77,60.18,51,53,64.5
4,high,42,Corki,英勇投弹手,Marksman,射手,6,6,69.83,69,69,69,51.83,51,51,51
4,high,141,Kayn,影流之镰,Fighter,战士,13,11,94.92,85,85,109,71,63,63,63
4,high,238,Zed,影流之主,Assassin,刺客,2,2,94.5,93.75,94.5,95.25,66,63,66,69
4,high,166,Akshan,影哨,Marksman,射手,10,10,71.7,70,70,70,52.7,51,51,51
4,high,56,Nocturne,永恒梦魇,Fighter,战士,8,8,105.75,83,86.5,138,75.25,59,61.5,81.5
4,high,203,Kindred,永猎双子,Marksman,射手,7,7,80.14,73,73,73,58.14,51,51,51
4,high,246,Qiyana,元素女皇,Assassin,刺客,7,7,88,78,78,91.5,72.57,63,63,74
4,high,9,FiddleSticks,远古恐惧,Mage,法师,8,8,91.75,78,87,94.5,57.38,51,53,57.75
4,high,101,Xerath,远古巫灵,Mage,法师,5,4,66,66,66,66,51,51,51,51
4,high,15,Sivir,战争女神,Marksman,射手,10,9,85.6,69,77.5,81,55,51,51,61
4,high,120,Hecarim,战争之影,Fighter,战士,19,17,111.05,86,98,124.5,83.21,63,75,95.5
4,high,53,Blitzcrank,蒸汽机器人,Tank,坦克,16,15,103.06,86,97,116.5,83.81,63,84,93.5
4,high,3,Galio,正义巨像,Tank,坦克,19,15,106.11,79,103,125.5,103.74,63,93,135.5
4,high,10,Kayle,正义天使,Mage,法师,9,9,69.89,66,66,66,48.56,43,43,43
4,high,60,Elise,蜘蛛女皇,Assassin,刺客,10,10,82.5,72,72,72,56.5,51,51,51
4,high,16,Soraka,众星之子,Support,辅助,11,11,120.45,96.5,120,140,86.18,57,86,104.5
4,high,136,AurelionSol,铸星龙王,Mage,法师,12,12,75.75,61,61,68.75,81.17,51,52,81
4,high,221,Zeri,祖安花火,Marksman,射手,5,5,64,64,64,64,51,51,51,51
4,high,36,DrMundo,祖安狂人,Tank,坦克,14,13,116,87.25,98.5,134.5,131.36,91,112,151
4,high,19,Warwick,祖安怒兽,Fighter,战士,5,5,80.6,80,80,80,75.6,63,63,93
5,high,134,Syndra,暗黑元首,Mage,法师,8,7,91.88,75,75,84.75,71.5,56,57,88.5
5,high,67,Vayne,暗夜猎手,Marksman,射手,35,27,91.54,78,78,100.5,63.66,56,56,56
5,high,266,Aatrox,暗裔剑魔,Fighter,战士,7,6,128.14,111.5,124,147.5,95.29,69,96,115
5,high,107,Rengar,傲之追猎者,Assassin,刺客,10,9,96.2,90,90,99,73.2,69,69,69
5,high,112,Viktor,奥术先驱,Mage,法师,12,12,92,76,76,89.75,63.42,56,56,61.25
5,high,950,Naafiri,百裂冥犬,Assassin,刺客,17,15,95.12,84,84,84,80.12,69,69,81
5,high,240,Kled,暴怒骑士,Fighter,战士,12,12,105.67,80,96,127,77.33,54,81,92.75
5,high,222,Jinx,暴走萝莉,Marksman,射手,9,8,80.89,77,77,77,59.89,56,56,56
5,high,115,Ziggs,爆破鬼才,Mage,法师,8,8,84.75,77,77,80,57.5,56,56,56
5,high,113,Sejuani,北地之怒,Tank,坦克,7,6,236.57,175.5,241,278,167.71,146,167,183
5,high,34,Anivia,冰晶凤凰,Mage,法师,6,5,84.5,72.75,88.5,93,76.5,56,68,84.5
5,high,127,Lissandra,冰霜女巫,Mage,法师,10,9,97.7,73,90.5,113.5,81.7,56,71,91.75
5,high,895,Nilah,不羁之悦,Fighter,战士,10,10,93.9,83,83,95,74.4,69,69,78
5,high,904,Zaahen,不落魔锋,Fighter,战士,10,10,119,99,99,131.25,83.6,69,75,90.75
5,high,106,Volibear,不灭狂雷,Fighter,战士,4,4,158.5,150,175,183.5,111.25,91.5,116.5,136.25
5,high,804,Yunara,不破之誓,Marksman,射手,13,13,86.31,78,78,78,62.92,56,56,56
5,high,80,Pantheon,不屈之枪,Fighter,战士,8,7,107.25,103,103,105.5,80.5,65,77,95
5,high,55,Katarina,不祥之刃,Assassin,刺客,18,18,107.61,93,93,119.25,80.78,69,69,75.75
5,high,523,Aphelios,残月之肃,Marksman,射手,6,6,82.33,77,79.5,87.25,61.33,56,58.5,66.25
5,high,105,Fizz,潮汐海灵,Assassin,刺客,12,11,100.75,86,86,98,87.5,69,69,85.5
5,high,110,Varus,惩戒之箭,Marksman,射手,8,8,91.5,74,82,103.25,66.75,56,58.5,71
5,high,901,Smolder,炽炎雏龙,Marksman,射手,25,23,78.64,74,74,74,61.96,56,56,56
5,high,711,Vex,愁云使者,Mage,法师,7,6,94.43,76,88,109.5,69.29,54,54,75
5,high,427,Ivern,翠神,Support,辅助,11,10,104.91,83,83,125,78.55,56,56,101.5
5,high,74,Heimerdinger,大发明家,Mage,法师,6,6,96.17,70,85,124,63,56,56,65
5,high,39,Irelia,刀锋舞者,Fighter,战士,6,6,129.5,97,107,120.75,94.5,67,67,78.25
5,high,91,Talon,刀锋之影,Assassin,刺客,13,13,96.85,91,91,91,77.08,73,73,73
5,high,5,XinZhao,德邦总管,Fighter,战士,15,12,110,93,93,123,93.4,69,96,110.5
5,high,59,JarvanIV,德玛西亚皇子,Fighter,战士,11,11,133.45,114.5,121,142,90.91,69,81,107.5
5,high,86,Garen,德玛西亚之力,Fighter,战士,12,12,126.08,112,117.5,128,106.33,83.75,87,99
5,high,133,Quinn,德玛西亚之翼,Marksman,射手,9,8,98,84,90,114,76.44,56,60,86
5,high,235,Senna,涤魂圣枪,Support,辅助,7,7,107,75,87,113.5,75.14,56,56,92
5,high,25,Morgana,堕落天使,Support,辅助,13,13,79.85,76,76,76,62.92,56,56,56
5,high,35,Shaco,恶魔小丑,Assassin,刺客,9,9,86.22,84,84,84,71.67,69,69,69
5,high,61,Orianna,发条魔灵,Mage,法师,9,8,78.11,77,77,77,58.78,58,58,58
5,high,104,Graves,法外狂徒,Marksman,射手,18,17,125.44,88,113,127,70.61,56,61,88.5
5,high,92,Riven,放逐之刃,Fighter,战士,6,6,103,91,96,102.5,83.5,69,74,91.75
5,high,40,Janna,风暴之怒,Support,辅助,2,2,82,82,82,82,56,56,56,56
5,high,777,Yone,封魔剑魂,Fighter,战士,5,5,104.6,100,105,108,80.4,69,75,93
5,high,201,Braum,弗雷尔卓德之心,Tank,坦克,8,8,174.38,126.75,149.5,159.75,127.5,98.25,115,135
5,high,13,Ryze,符文法师,Mage,法师,7,7,84,73,73,86.5,66.14,58,58,64
5,high,63,Brand,复仇焰魂,Mage,法师,19,19,83.11,75,75,78,60.79,56,56,57.5
5,high,429,Kalista,复仇之矛,Marksman,射手,6,6,103.17,84,89,112.75,63.5,56,56,63.5
5,high,99,Lux,光辉女郎,Mage,法师,7,7,93.29,81,81,88.5,66.14,56,56,56
5,high,7,Leblanc,诡术妖姬,Assassin,刺客,5,5,85.4,73,73,85,74.4,56,56,96
5,high,420,Illaoi,海兽祭司,Fighter,战士,5,5,130.4,123,138,145,94.4,69,69,116
5,high,41,Gangplank,海洋之灾,Fighter,战士,10,9,99.5,92,92,101,86.1,69,69,87
5,high,876,Lillia,含羞蓓蕾,Fighter,战士,3,3,97.67,81,81,106,65,65,65,65
5,high,22,Ashe,寒冰射手,Marksman,射手,10,9,96.9,81,81,91.25,61.9,56,56,59.75
5,high,223,TahmKench,河流之王,Tank,坦克,6,6,123.17,101,119.5,135,92.17,69.75,73.5,96.75
5,high,1,Annie,黑暗之女,Mage,法师,8,7,80.75,73,73,88.5,60.75,56,56,58
5,high,497,Rakan,幻翎,Support,辅助,5,5,114.4,104,122,127,91.4,81,99,104
5,high,267,Nami,唤潮鲛姬,Support,辅助,9,9,108,89,89,119,110.44,56,71,146
5,high,58,Renekton,荒漠屠夫,Fighter,战士,6,5,130.33,106.25,127.5,130,96,77,95,117.5
5,high,805,Locke,灰烬驱魔人,Assassin,刺客,10,9,113.9,88,97,138,84.2,69,75,96.75
5,high,412,Thresh,魂锁典狱长,Support,辅助,10,10,166.8,134.25,143.5,194.5,116.3,74.5,106,133
5,high,68,Rumble,机械公敌,Fighter,战士,8,8,101.88,97,97,97,64,61,61,61
5,high,157,Yasuo,疾风剑豪,Fighter,战士,16,16,102.63,92,92,104,78.06,69,69,81
5,high,131,Diana,皎月女神,Fighter,战士,6,6,98.83,88,88,99.25,69,69,69,69
5,high,517,Sylas,解脱者,Mage,法师,20,18,101.5,94,94,97,82.75,74,74,77
5,high,143,Zyra,荆棘之兴,Mage,法师,13,12,89.15,80,80,87,64.46,56,56,60
5,high,103,Ahri,九尾妖狐,Mage,法师,11,11,84.91,72,72,89,68.45,56,56,72
5,high,79,Gragas,酒桶,Fighter,战士,13,12,156,131,136,178,99.31,81,99,104
5,high,48,Trundle,巨魔之王,Fighter,战士,6,5,110.67,96,102,124.5,107.33,70.5,78,103.5
5,high,4,TwistedFate,卡牌大师,Mage,法师,10,9,95,77,95,107,74,56,74,86
5,high,85,Kennen,狂暴之心,Mage,法师,11,11,102.18,87,87,117,61.82,56,56,58
5,high,233,Briar,狂厄蔷薇,Fighter,战士,13,12,99.08,79,94,114,90.31,69,80,104
5,high,76,Nidalee,狂野女猎手,Assassin,刺客,6,6,98.5,90,94,103.25,70.67,57,59.5,86
5,high,2,Olaf,狂战士,Fighter,战士,10,10,122.6,106,110.5,132.25,89.6,84,84,93
5,high,84,Akali,离群之刺,Assassin,刺客,6,6,86,84,84,84,76,74,74,74
5,high,888,Renata,炼金男爵,Support,辅助,16,14,91.88,83,83,98.25,63.75,56,56,59
5,high,27,Singed,炼金术士,Tank,坦克,15,14,138.67,102,138,154.5,108.87,81,103,120.5
5,high,887,Gwen,灵罗娃娃,Fighter,战士,7,6,115.71,101,101,125,75.86,69,69,69
5,high,800,Mel,流光镜影,Mage,法师,10,10,82.9,81,81,81,57.6,56,56,56
5,high,102,Shyvana,龙血武姬,Fighter,战士,16,14,147.56,136.25,142,151.25,107.63,97.5,105,110
5,high,18,Tristana,麦林炮手,Marksman,射手,18,18,85.22,80,80,92,58.56,54,54,62.75
5,high,23,Tryndamere,蛮族之王,Fighter,战士,9,9,105.56,94,94,106,74.44,69,69,79
5,high,64,LeeSin,盲僧,Fighter,战士,26,23,112.96,95,95,125,82.15,69,69,99
5,high,150,Gnar,迷失之牙,Fighter,战士,7,7,119.86,93,111,118.5,90.57,73,76,111
5,high,902,Milio,明烛,Support,辅助,8,8,125.5,103.5,126.5,158.75,93.38,78.5,91.5,111.75
5,high,350,Yuumi,魔法猫咪,Support,辅助,16,14,84.31,76,76,83.5,57.19,49,49,55
5,high,69,Cassiopeia,魔蛇之拥,Mage,法师,12,12,81.25,74,74,82.25,63.92,58,58,63.25
5,high,83,Yorick,牧魂人,Fighter,战士,10,10,134.8,103.25,113.5,130.5,86.4,69,78,99
5,high,142,Zoe,暮光星灵,Mage,法师,5,5,77,77,77,77,56,56,56,56
5,high,98,Shen,暮光之眼,Tank,坦克,5,5,159.2,117,137,170,102.8,89,99,116
5,high,897,KSante,纳祖芒荣耀,Tank,坦克,19,18,158.37,112.5,166,180.5,141.11,81,141,170.5
5,high,498,Xayah,逆羽,Marksman,射手,8,8,94.13,76,77.5,100,65.25,56,56,60.5
5,high,12,Alistar,牛头酋长,Tank,坦克,12,11,160.83,104,134.5,173.5,85.42,69,81,99
5,high,57,Maokai,扭曲树精,Tank,坦克,10,10,156.2,126.25,130,176.25,122.6,76.5,99,156.5
5,high,50,Swain,诺克萨斯统领,Mage,法师,14,12,103.86,81,93,126,90.21,59,67.5,99.25
5,high,122,Darius,诺克萨斯之手,Fighter,战士,12,12,129.58,102,116.5,157,90.08,73.5,99,99
5,high,33,Rammus,披甲龙龟,Tank,坦克,6,5,186.67,153.5,179,216.5,118.67,104,124,136.5
5,high,51,Caitlyn,皮城女警,Marksman,射手,11,10,84.09,83,83,83,57.09,56,56,56
5,high,254,Vi,皮城执法官,Fighter,战士,14,14,102.5,91,91,105.25,84.79,69,75,97.5
5,high,234,Viego,破败之王,Fighter,战士,12,12,105.42,94,94,109.25,75,69,69,69
5,high,62,MonkeyKing,齐天大圣,Fighter,战士,10,9,145.3,115.25,132.5,169,86.3,67,86,95
5,high,37,Sona,琴瑟仙女,Support,辅助,18,16,97.17,77,77,103.25,68.22,56,56,82.25
5,high,164,Camille,青钢影,Fighter,战士,5,5,124.8,106,119,131,89.8,69,81,96
5,high,119,Draven,荣耀行刑官,Marksman,射手,5,5,91.4,83,83,95,64.4,56,56,68
5,high,54,Malphite,熔岩巨兽,Tank,坦克,10,10,293.2,206.25,239,340,109.8,95,105,122.5
5,high,526,Rell,镕铁少女,Tank,坦克,8,8,189.25,141.75,189.5,228.5,154.25,101.5,112.5,216
5,high,268,Azir,沙漠皇帝,Mage,法师,7,7,89,83,83,86.5,61.57,56,56,58
5,high,360,Samira,沙漠玫瑰,Marksman,射手,8,8,93.38,85.75,90.5,101,64.25,56,61,69.25
5,high,75,Nasus,沙漠死神,Fighter,战士,5,5,127.2,110,120,149,92.2,69,69,118
5,high,516,Ornn,山隐之焰,Tank,坦克,16,16,208.13,153.75,202,234.5,156.81,122.25,141,189.25
5,high,32,Amumu,殇之木乃伊,Tank,坦克,6,6,137.67,113.25,129.5,142.75,129.5,110.25,118.5,127.5
5,high,21,MissFortune,赏金猎人,Marksman,射手,7,7,80.14,75,75,87,61.14,56,56,68
5,high,72,Skarner,上古领主,Tank,坦克,3,3,172,99.5,107,212,185,158,217,228
5,high,111,Nautilus,深海泰坦,Tank,坦克,14,14,158.93,126.25,154.5,189,113.93,92.25,101.5,126
5,high,96,KogMaw,深渊巨口,Marksman,射手,7,7,99.57,83,89,110.5,65,56,68,68
5,high,154,Zac,生化魔人,Tank,坦克,5,5,171,135,175,223,144,81,146,194
5,high,78,Poppy,圣锤之毅,Tank,坦克,12,11,145.5,107,119,163.75,107.5,84.75,108,114.5
5,high,236,Lucian,圣枪游侠,Marksman,射手,19,18,84,79,79,84,61.74,56,56,61
5,high,26,Zilean,时光守护者,Support,辅助,11,11,97.09,85.5,89,94.5,65.45,59,59,67
5,high,245,Ekko,时间刺客,Assassin,刺客,8,8,93.88,88,93.5,100,74.63,69,73.5,81
5,high,77,Udyr,兽灵行者,Fighter,战士,6,6,136.83,93.75,116.5,136.25,95.33,70.5,87,108
5,high,89,Leona,曙光女神,Tank,坦克,10,9,207.2,144,176,264,142.1,118,148.5,162.5
5,high,893,Aurora,双界灵兔,Mage,法师,5,5,78.2,77,77,77,59,58,58,58
5,high,30,Karthus,死亡颂唱者,Mage,法师,10,9,85.4,77,77,86,59.1,56,56,56
5,high,81,Ezreal,探险家,Marksman,射手,22,20,80.95,75,75,80.75,62.77,56,56,61
5,high,43,Karma,天启者,Mage,法师,5,5,154.6,116,156,161,98.6,86,91,119
5,high,82,Mordekaiser,铁铠冥魂,Fighter,战士,16,16,120.56,93,93,126,93.75,69,84,100.25
5,high,799,Ambessa,铁血狼母,Fighter,战士,12,10,103.42,97,97,100,76.67,69,69,72
5,high,28,Evelynn,痛苦之拥,Assassin,刺客,6,6,107.33,98,98,106.25,82.17,69,73.5,93.75
5,high,44,Taric,瓦洛兰之盾,Support,辅助,9,9,179.22,128,169,191,112.44,95,105,137
5,high,518,Neeko,万花通灵,Mage,法师,5,4,90,81,81,81,56,56,56,56
5,high,875,Sett,腕豪,Fighter,战士,19,19,119.84,94,119,131.5,93.79,72,95,103.5
5,high,14,Sion,亡灵战神,Tank,坦克,12,12,121.75,92,102,125,107.92,89.25,108,135.25
5,high,126,Jayce,未来守护者,Fighter,战士,9,8,101.33,92,105,113,75.44,68,80,86
5,high,29,Twitch,瘟疫之源,Marksman,射手,10,10,80.5,77,77,77,59.5,56,56,56
5,high,11,MasterYi,无极剑圣,Fighter,战士,19,17,105.11,92,92,113,75.68,69,69,69
5,high,114,Fiora,无双剑姬,Fighter,战士,11,10,110.27,94,106,121,85.27,69,81,96
5,high,6,Urgot,无畏战车,Fighter,战士,6,6,142.33,131.5,137.5,146.5,110.83,69,95,106
5,high,24,Jax,武器大师,Fighter,战士,12,12,114.33,92,110.5,128.75,89.83,69,88.5,100.25
5,high,202,Jhin,戏命师,Marksman,射手,19,17,85.84,80,80,89,58.89,56,56,59
5,high,117,Lulu,仙灵女巫,Support,辅助,7,6,104.14,81,93,118,76.14,56,68,93
5,high,45,Veigar,邪恶小法师,Mage,法师,5,5,92.8,78,78,102,62.8,58,58,58
5,high,432,Bard,星界游神,Support,辅助,5,5,106.8,92,92,113,69.4,56,56,73
5,high,147,Seraphine,星籁歌姬,Support,辅助,7,7,89.57,78.5,89,98,69.29,57,68,77
5,high,8,Vladimir,猩红收割者,Mage,法师,7,7,84,78,78,84,80.71,56,56,77
5,high,421,RekSai,虚空遁地兽,Fighter,战士,12,11,124.67,103,114,149,95.83,69,81,99
5,high,31,Chogath,虚空恐惧,Tank,坦克,10,10,145.2,107,143,158.25,104.7,85.5,99,125.25
5,high,121,Khazix,虚空掠夺者,Assassin,刺客,11,11,91.45,88,88,88,72.27,69,69,73.5
5,high,200,Belveth,虚空女皇,Fighter,战士,18,17,133.22,98,126,146,95.56,69,72,104
5,high,90,Malzahar,虚空先知,Mage,法师,5,4,83.6,74,74,74,65.6,56,56,56
5,high,38,Kassadin,虚空行者,Assassin,刺客,8,7,96.25,75,75,125,66.63,61,61,61
5,high,145,Kaisa,虚空之女,Marksman,射手,10,10,83.2,76,76,86.5,62.9,56,56,65.75
5,high,161,Velkoz,虚空之眼,Mage,法师,12,12,89.25,78,81,93.25,62.33,56,56,62
5,high,20,Nunu,雪原双子,Tank,坦克,11,9,134.73,94.5,115,164,149.45,98.5,129,188
5,high,555,Pyke,血港鬼影,Support,辅助,17,13,104,98,98,98,76.76,69,69,69
5,high,17,Teemo,迅捷斥候,Marksman,射手,7,7,83.43,78,78,85.5,58.86,56,56,56
5,high,163,Taliyah,岩雀,Mage,法师,4,3,97,83,95,109,68.25,54,60,74.25
5,high,910,Hwei,异画师,Mage,法师,11,10,85.18,77,77,89,65.27,56,59,69.5
5,high,42,Corki,英勇投弹手,Marksman,射手,6,6,81.83,81,81,81,56.83,56,56,56
5,high,141,Kayn,影流之镰,Fighter,战士,13,11,108.15,97,97,121,78.23,69,69,81
5,high,238,Zed,影流之主,Assassin,刺客,2,2,106.5,105.75,106.5,107.25,72,69,72,75
5,high,166,Akshan,影哨,Marksman,射手,10,10,83.7,82,82,82,57.7,56,56,56
5,high,56,Nocturne,永恒梦魇,Fighter,战士,9,9,121.11,94,102,149,79.56,65,70,80
5,high,203,Kindred,永猎双子,Marksman,射手,7,7,87.43,85,85,87.5,58.43,56,56,58.5
5,high,246,Qiyana,元素女皇,Assassin,刺客,7,7,100,90,90,103.5,78.71,69,69,80.5
5,high,9,FiddleSticks,远古恐惧,Mage,法师,9,9,101,90,97,102,62.78,56,60,68
5,high,101,Xerath,远古巫灵,Mage,法师,5,4,78,78,78,78,56,56,56,56
5,high,15,Sivir,战争女神,Marksman,射手,10,9,99.8,80,89,95,63.2,56,58,68
5,high,120,Hecarim,战争之影,Fighter,战士,19,17,129.58,99,124,146.5,95.89,69,94,112.5
5,high,53,Blitzcrank,蒸汽机器人,Tank,坦克,16,15,124.06,98,115.5,142.75,99.75,69,94,113.75
5,high,3,Galio,正义巨像,Tank,坦克,19,15,126.79,98.5,115,140.5,115.89,87,99,141.5
5,high,10,Kayle,正义天使,Mage,法师,9,9,80.89,77,77,77,55.22,48,48,63
5,high,60,Elise,蜘蛛女皇,Assassin,刺客,10,10,94.6,84,84,84,61.5,56,56,56
5,high,16,Soraka,众星之子,Support,辅助,11,11,132.45,108.5,132,152,91.18,62,91,109.5
5,high,136,AurelionSol,铸星龙王,Mage,法师,12,12,89.5,72,72,82,95.83,56,86,109.5
5,high,221,Zeri,祖安花火,Marksman,射手,5,5,79.8,75,75,87,60.8,56,56,68
5,high,36,DrMundo,祖安狂人,Tank,坦克,14,13,129.93,99.25,110.5,154,148,99.25,130.5,189.5
5,high,19,Warwick,祖安怒兽,Fighter,战士,5,5,91.8,91,91,91,81.8,69,69,99
6,high,134,Syndra,暗黑元首,Mage,法师,8,7,105.88,80,86.5,115,76.5,59,62,91.5
6,high,67,Vayne,暗夜猎手,Marksman,射手,35,27,100.2,84,84,112.5,70.06,59,59,67
6,high,266,Aatrox,暗裔剑魔,Fighter,战士,7,6,138.29,124.5,131,154.5,102.43,79,100,124
6,high,107,Rengar,傲之追猎者,Assassin,刺客,10,9,102.2,96,96,105,77.2,73,73,73
6,high,112,Viktor,奥术先驱,Mage,法师,12,12,103.42,82,90.5,111,66.67,59,59,65.75
6,high,950,Naafiri,百裂冥犬,Assassin,刺客,17,15,101.12,90,90,90,84.12,73,73,85
6,high,240,Kled,暴怒骑士,Fighter,战士,12,12,111.92,86,103.5,133,80.58,57,84,96.5
6,high,222,Jinx,暴走萝莉,Marksman,射手,9,8,86.89,83,83,83,62.89,59,59,59
6,high,115,Ziggs,爆破鬼才,Mage,法师,8,8,90.75,83,83,86,60.5,59,59,59
6,high,113,Sejuani,北地之怒,Tank,坦克,7,6,283.29,183.5,337,371,205.29,151,172,223.5
6,high,34,Anivia,冰晶凤凰,Mage,法师,6,5,94.5,85.5,99,101.25,82.17,63.5,77,89
6,high,127,Lissandra,冰霜女巫,Mage,法师,10,9,108.8,80.5,111.5,127.75,87.9,59.5,89,94.75
6,high,895,Nilah,不羁之悦,Fighter,战士,10,10,104.1,89,89,114.5,82.6,73,73,82
6,high,904,Zaahen,不落魔锋,Fighter,战士,10,10,130.7,106,111,150.75,91.4,73,81,101.75
6,high,106,Volibear,不灭狂雷,Fighter,战士,4,4,164.5,156,181,189.5,115.25,95.5,120.5,140.25
6,high,804,Yunara,不破之誓,Marksman,射手,13,13,93.69,84,84,84,69.85,59,59,59
6,high,80,Pantheon,不屈之枪,Fighter,战士,8,7,122.25,109,114,127.75,87.88,69,90,101.25
6,high,55,Katarina,不祥之刃,Assassin,刺客,18,18,116.33,99,105,118.75,87.11,73,73,89
6,high,523,Aphelios,残月之肃,Marksman,射手,6,6,88.33,83,85.5,93.25,64.17,59,61,69
6,high,105,Fizz,潮汐海灵,Assassin,刺客,12,11,111.25,92,92,104,96,73,79,89.5
6,high,110,Varus,惩戒之箭,Marksman,射手,8,8,98.88,79,87.5,108.25,76.88,62,74,87
6,high,901,Smolder,炽炎雏龙,Marksman,射手,25,23,85.56,79,79,79,68.04,59,59,64
6,high,711,Vex,愁云使者,Mage,法师,7,6,105,89,95,123,74,57,69,78
6,high,427,Ivern,翠神,Support,辅助,11,10,121.45,95,119,140.5,92.64,65,89,112
6,high,74,Heimerdinger,大发明家,Mage,法师,6,6,102.17,76,91,130,66,59,59,68
6,high,39,Irelia,刀锋舞者,Fighter,战士,6,6,121.83,103,110.5,124,76.17,71,71,82.25
6,high,91,Talon,刀锋之影,Assassin,刺客,13,13,106.38,97,97,112,84.08,77,77,89
6,high,5,XinZhao,德邦总管,Fighter,战士,15,12,129.87,99,111,151.5,114.13,73,103,118
6,high,59,JarvanIV,德玛西亚皇子,Fighter,战士,11,11,144.64,127,127,161.5,95.55,73,85,115
6,high,86,Garen,德玛西亚之力,Fighter,战士,12,12,142.17,123.5,134,157.75,120.58,91.5,95.5,105.75
6,high,133,Quinn,德玛西亚之翼,Marksman,射手,9,8,107.33,90,105,120,82.44,59,63,89
6,high,235,Senna,涤魂圣枪,Support,辅助,7,7,115.57,86,92,124.5,81.57,59,71,95
6,high,25,Morgana,堕落天使,Support,辅助,13,13,86.62,82,82,82,66.69,59,59,59
6,high,35,Shaco,恶魔小丑,Assassin,刺客,9,9,93.78,90,90,90,77,73,73,73
6,high,61,Orianna,发条魔灵,Mage,法师,9,8,88.67,83,83,89,60.22,55,61,61
6,high,104,Graves,法外狂徒,Marksman,射手,18,17,139.28,99,114.5,133.5,79.72,64,73,78.75
6,high,92,Riven,放逐之刃,Fighter,战士,6,6,122.5,97,102,135.5,101,73,78,113
6,high,40,Janna,风暴之怒,Support,辅助,2,2,88,88,88,88,59,59,59,59
6,high,777,Yone,封魔剑魂,Fighter,战士,5,5,117,111,111,129,87.2,73,81,100
6,high,201,Braum,弗雷尔卓德之心,Tank,坦克,8,8,202.38,133.75,190,231.5,142.25,103,115,171.75
6,high,13,Ryze,符文法师,Mage,法师,7,7,98.86,82,85,117.5,71.86,61,63,74.5
6,high,63,Brand,复仇焰魂,Mage,法师,19,19,99,81,87,121.5,65.26,59,59,61
6,high,429,Kalista,复仇之矛,Marksman,射手,6,6,121.5,98,122.5,137.25,69.5,59,59,80
6,high,99,Lux,光辉女郎,Mage,法师,7,7,115.86,88,103,138,69.14,59,59,59
6,high,7,Leblanc,诡术妖姬,Assassin,刺客,5,5,101.4,79,79,129,77.4,59,59,99
6,high,420,Illaoi,海兽祭司,Fighter,战士,5,5,154.4,130,155,177,124.4,88,153,153
6,high,41,Gangplank,海洋之灾,Fighter,战士,10,9,107.3,98,98,107,82.5,73,73,91
6,high,876,Lillia,含羞蓓蕾,Fighter,战士,3,3,107.67,90,93,118,70,69.5,71,71
6,high,22,Ashe,寒冰射手,Marksman,射手,10,9,105.9,87,89.5,103.5,67.8,59,59,69
6,high,223,TahmKench,河流之王,Tank,坦克,6,6,140.67,120.75,143.5,161,96.83,74.25,79.5,101.25
6,high,1,Annie,黑暗之女,Mage,法师,8,7,95.88,78,78,107.25,70.88,59,59,75.5
6,high,497,Rakan,幻翎,Support,辅助,5,5,126.2,129,134,134,95.4,85,103,108
6,high,267,Nami,唤潮鲛姬,Support,辅助,9,9,128.56,96,96,151,122.67,59,74,149
6,high,58,Renekton,荒漠屠夫,Fighter,战士,6,5,139.33,117,134.5,137,100.67,82.5,99,121.5
6,high,805,Locke,灰烬驱魔人,Assassin,刺客,10,9,120.8,94,106,144,90.1,73,79,101
6,high,412,Thresh,魂锁典狱长,Support,辅助,10,10,208.3,154.75,189,275,127.2,81.5,116.5,136
6,high,68,Rumble,机械公敌,Fighter,战士,8,8,118.38,103,103,115.5,73.13,64,64,64
6,high,157,Yasuo,疾风剑豪,Fighter,战士,16,16,108.38,98,98,113,83.44,73,73,88.25
6,high,131,Diana,皎月女神,Fighter,战士,6,6,111.33,97.75,109,115.75,76.17,73,73,73
6,high,517,Sylas,解脱者,Mage,法师,19,17,111.21,101,108,113,88.63,78,82,91
6,high,143,Zyra,荆棘之兴,Mage,法师,13,12,100.38,86,86,103,68.46,59,59,69
6,high,103,Ahri,九尾妖狐,Mage,法师,11,11,98.09,78,84,109.5,77.27,59,61,87
6,high,79,Gragas,酒桶,Fighter,战士,12,11,173,135.75,143,191,114.75,94.75,108,140.5
6,high,48,Trundle,巨魔之王,Fighter,战士,6,5,130.33,116.25,123,137.25,122.83,85,89.5,135.25
6,high,4,TwistedFate,卡牌大师,Mage,法师,10,9,103.7,83,108.5,113,81.2,62.75,84.5,89
6,high,85,Kennen,狂暴之心,Mage,法师,11,11,120.64,93,105,143,63.45,59,59,59
6,high,233,Briar,狂厄蔷薇,Fighter,战士,13,12,105.31,84,105,119,95.31,73,87,108
6,high,76,Nidalee,狂野女猎手,Assassin,刺客,6,6,111.83,100,109,120.25,82.5,61.75,69.5,105.75
6,high,2,Olaf,狂战士,Fighter,战士,10,10,138.8,112,136.5,155,103.5,88,94,118
6,high,84,Akali,离群之刺,Assassin,刺客,6,6,100.33,90,90,99,80,78,78,78
6,high,888,Renata,炼金男爵,Support,辅助,16,14,107.25,89,89,128.5,69.56,59,59,76
6,high,27,Singed,炼金术士,Tank,坦克,15,14,156.6,117,151,164.5,124.93,103,118,139.5
6,high,887,Gwen,灵罗娃娃,Fighter,战士,7,6,134.14,108,138,157,84.14,73,73,88
6,high,800,Mel,流光镜影,Mage,法师,10,10,91,88,88,93.25,61.1,59,59,60.5
6,high,102,Shyvana,龙血武姬,Fighter,战士,16,14,166.69,149.75,160,172.5,122.13,107.75,116,126.5
6,high,18,Tristana,麦林炮手,Marksman,射手,18,18,91.5,85,85,97,62.39,57,57,68.75
6,high,23,Tryndamere,蛮族之王,Fighter,战士,9,9,125.56,101,101,128,91.44,73,73,85
6,high,64,LeeSin,盲僧,Fighter,战士,26,23,121.38,101,101,131,87.5,73,73,103
6,high,150,Gnar,迷失之牙,Fighter,战士,7,7,134.57,95,116,160,114.14,75,78,117
6,high,902,Milio,明烛,Support,辅助,8,8,145,123,139.5,172,111.25,92.75,103,125.25
6,high,350,Yuumi,魔法猫咪,Support,辅助,16,14,90.88,82,82,91,62.69,52,52,58
6,high,69,Cassiopeia,魔蛇之拥,Mage,法师,12,12,90.17,84.5,86,95.5,67.67,61,63,69.5
6,high,83,Yorick,牧魂人,Fighter,战士,10,10,147.9,113,123.5,142.5,91.6,73,86,103
6,high,142,Zoe,暮光星灵,Mage,法师,5,5,93,83,83,83,59,59,59,59
6,high,98,Shen,暮光之眼,Tank,坦克,5,5,176.8,123,143,211,122.4,120,123,130
6,high,897,KSante,纳祖芒荣耀,Tank,坦克,19,18,197.95,165.5,198,225.5,167.53,92.5,166,190
6,high,498,Xayah,逆羽,Marksman,射手,8,8,110.63,82,85.5,121.25,76.5,59,59,68
6,high,12,Alistar,牛头酋长,Tank,坦克,12,11,189.17,142.75,169.5,237.5,100.33,73,85,106
6,high,57,Maokai,扭曲树精,Tank,坦克,10,10,181.8,137,172,215.75,129.1,99.25,103,160.5
6,high,50,Swain,诺克萨斯统领,Mage,法师,14,12,113.29,87,99,137.75,95.14,62,71.5,107.75
6,high,122,Darius,诺克萨斯之手,Fighter,战士,12,12,149.25,118,143,166,101.25,84,103,104.5
6,high,33,Rammus,披甲龙龟,Tank,坦克,6,5,228,192.5,223.5,265,137.67,108,133,146.75
6,high,51,Caitlyn,皮城女警,Marksman,射手,11,10,96.64,89,89,95,61.55,59,59,59
6,high,254,Vi,皮城执法官,Fighter,战士,14,14,112.57,97,102,113.5,92.64,75,88,101.5
6,high,234,Viego,破败之王,Fighter,战士,12,12,113.67,100,100,115.25,80,73,73,76
6,high,62,MonkeyKing,齐天大圣,Fighter,战士,10,9,157.5,129.25,155,182.5,92.5,80.25,91.5,99
6,high,37,Sona,琴瑟仙女,Support,辅助,18,16,106.56,83,89,118.75,74.5,59,61,94
6,high,164,Camille,青钢影,Fighter,战士,5,5,130.8,112,125,137,101.8,73,85,100
6,high,119,Draven,荣耀行刑官,Marksman,射手,5,5,97.4,89,89,101,67.4,59,59,71
6,high,54,Malphite,熔岩巨兽,Tank,坦克,9,9,351.11,248,311,364,120.33,99,129,146
6,high,526,Rell,镕铁少女,Tank,坦克,8,8,241.75,195,249,289.5,178.13,117,181.5,201
6,high,268,Azir,沙漠皇帝,Mage,法师,7,7,96.57,90,90,95.5,65,59,59,62.5
6,high,360,Samira,沙漠玫瑰,Marksman,射手,8,8,102.38,91.75,96.5,107,71.75,59,63,75.75
6,high,75,Nasus,沙漠死神,Fighter,战士,5,5,159.6,136,162,171,111.8,78,128,140
6,high,516,Ornn,山隐之焰,Tank,坦克,16,16,255.44,171.25,231.5,330.5,179.63,136.5,164.5,217.25
6,high,32,Amumu,殇之木乃伊,Tank,坦克,6,6,173.83,130.75,171,191.75,145.67,130.75,140.5,151.75
6,high,21,MissFortune,赏金猎人,Marksman,射手,7,7,91.14,80,80,98,73.86,59,59,77
6,high,72,Skarner,上古领主,Tank,坦克,3,3,168,125.5,153,203,173,138,173,208
6,high,111,Nautilus,深海泰坦,Tank,坦克,14,14,191.71,136.75,195,220.5,131.07,100,118.5,146.75
6,high,96,KogMaw,深渊巨口,Marksman,射手,7,7,108.71,90,96,117.5,68,59,71,71
6,high,154,Zac,生化魔人,Tank,坦克,5,5,168.4,147,156,204,142,99,145,195
6,high,78,Poppy,圣锤之毅,Tank,坦克,12,11,182.5,121.5,163.5,187.25,127,104.75,114.5,138.5
6,high,236,Lucian,圣枪游侠,Marksman,射手,19,18,90.79,85,85,90,65.05,59,59,63
6,high,26,Zilean,时光守护者,Support,辅助,11,11,123.09,96,114,146,73.27,61,72,83.5
6,high,245,Ekko,时间刺客,Assassin,刺客,8,8,110.75,94,103.5,112,82.13,73,79.5,85
6,high,77,Udyr,兽灵行者,Fighter,战士,6,6,151.83,100.75,124.5,179.75,108,86.5,109,121
6,high,89,Leona,曙光女神,Tank,坦克,10,9,259.8,180,248,314.25,174.5,122,190,222
6,high,893,Aurora,双界灵兔,Mage,法师,5,5,95,83,83,93,62.4,61,61,61
6,high,30,Karthus,死亡颂唱者,Mage,法师,9,8,93.67,83,83,95,62.89,59,59,61
6,high,81,Ezreal,探险家,Marksman,射手,22,20,88.95,81,81,86.75,67.86,59,59,63
6,high,43,Karma,天启者,Mage,法师,5,5,173.2,160,168,183,115,94,119,144
6,high,82,Mordekaiser,铁铠冥魂,Fighter,战士,16,16,143.63,99,118.5,151.75,115.56,73,103,120.75
6,high,799,Ambessa,铁血狼母,Fighter,战士,12,10,114.58,104,104,120.25,84.83,73,73,95.5
6,high,28,Evelynn,痛苦之拥,Assassin,刺客,6,6,115.17,104,107,117.5,87,73.75,80,98.25
6,high,44,Taric,瓦洛兰之盾,Support,辅助,9,9,196.33,151,186,214,120.11,99,103,141
6,high,518,Neeko,万花通灵,Mage,法师,5,4,97,88,88,88,59,59,59,59
6,high,875,Sett,腕豪,Fighter,战士,19,19,131.63,100,127,149.5,101.32,81,99,120
6,high,14,Sion,亡灵战神,Tank,坦克,12,12,147.25,122,133,154.5,123,109.75,113,143.5
6,high,126,Jayce,未来守护者,Fighter,战士,9,8,107.11,87,99,121,77.33,59,71,93
6,high,29,Twitch,瘟疫之源,Marksman,射手,10,10,93,82,82,82,62.5,59,59,59
6,high,11,MasterYi,无极剑圣,Fighter,战士,19,17,107.53,98,98,104,78.89,73,73,73
6,high,114,Fiora,无双剑姬,Fighter,战士,11,10,128.55,112,124,149.5,111.09,79,85,121
6,high,6,Urgot,无畏战车,Fighter,战士,6,6,160,141.75,166,176.75,121.83,68,89,156.5
6,high,24,Jax,武器大师,Fighter,战士,12,12,135.92,98,116.5,146,104.08,82,98.5,106
6,high,202,Jhin,戏命师,Marksman,射手,19,17,92.63,86,86,98.5,62,59,59,62.5
6,high,117,Lulu,仙灵女巫,Support,辅助,7,6,111.71,87,99,130,83,59,71,102
6,high,45,Veigar,邪恶小法师,Mage,法师,5,5,102.6,92,92,109,66.6,61,63,63
6,high,432,Bard,星界游神,Support,辅助,5,5,127.4,99,99,158,85.4,59,59,113
6,high,147,Seraphine,星籁歌姬,Support,辅助,7,7,99.43,92,95,104.5,75,67,71,80
6,high,8,Vladimir,猩红收割者,Mage,法师,7,7,92.14,84,84,97.5,83.71,59,59,80
6,high,421,RekSai,虚空遁地兽,Fighter,战士,12,11,144.67,109,135,172.5,106.08,73,94,118.25
6,high,31,Chogath,虚空恐惧,Tank,坦克,10,10,180.5,122.75,170,220.25,117,103,103,138
6,high,121,Khazix,虚空掠夺者,Assassin,刺客,11,11,99.55,94,94,97.5,80.55,73,73,81
6,high,200,Belveth,虚空女皇,Fighter,战士,18,17,145.78,115,144,153,105.72,73,90,117
6,high,90,Malzahar,虚空先知,Mage,法师,5,4,89.6,80,80,80,68.6,59,59,59
6,high,38,Kassadin,虚空行者,Assassin,刺客,8,7,109.75,81,108.5,132.25,75.63,63,63,76.5
6,high,145,Kaisa,虚空之女,Marksman,射手,10,10,92.2,82,82,103,68.5,59,59,78.25
6,high,161,Velkoz,虚空之眼,Mage,法师,12,12,96.08,84,89,99,70.58,59,59,66.75
6,high,20,Nunu,雪原双子,Tank,坦克,11,9,155.91,104.5,165,194,170.27,129,138,192
6,high,555,Pyke,血港鬼影,Support,辅助,17,13,115.41,104,104,112,86,73,73,83
6,high,17,Teemo,迅捷斥候,Marksman,射手,6,6,94,84,84,104.25,65.17,59,59,69.5
6,high,163,Taliyah,岩雀,Mage,法师,4,3,106,92,101,115,74.25,66,69,77.25
6,high,910,Hwei,异画师,Mage,法师,11,10,92.82,83,89,98,69.45,59,71,73.5
6,high,42,Corki,英勇投弹手,Marksman,射手,6,6,87.83,87,87,87,59.67,59,59,59
6,high,141,Kayn,影流之镰,Fighter,战士,13,11,121.92,103,111,127,88.69,73,73,85
6,high,238,Zed,影流之主,Assassin,刺客,2,2,112.5,111.75,112.5,113.25,76,73,76,79
6,high,166,Akshan,影哨,Marksman,射手,10,10,89.7,88,88,88,60.6,59,59,59
6,high,56,Nocturne,永恒梦魇,Fighter,战士,9,9,131.67,100,127,155,88.44,68,77,108
6,high,203,Kindred,永猎双子,Marksman,射手,7,7,96.29,91,91,99.5,64.14,59,59,67
6,high,246,Qiyana,元素女皇,Assassin,刺客,7,7,106.14,96,96,109.5,82.57,73,73,84
6,high,9,FiddleSticks,远古恐惧,Mage,法师,9,9,117.33,108,108,138,69.33,59,66,71
6,high,101,Xerath,远古巫灵,Mage,法师,5,4,86.4,84,84,90,59.8,59,59,61
6,high,15,Sivir,战争女神,Marksman,射手,10,9,106.5,85,96,100.75,67.6,59,62.5,71
6,high,120,Hecarim,战争之影,Fighter,战士,19,17,139.47,106,136,156,105.63,73,103,123
6,high,53,Blitzcrank,蒸汽机器人,Tank,坦克,16,15,144.13,104,129,166.5,105.25,73,98,122.25
6,high,3,Galio,正义巨像,Tank,坦克,19,15,155.89,126,151,167,134.84,103,120,166.5
6,high,10,Kayle,正义天使,Mage,法师,9,9,90.78,83,83,95,62,51,55,69
6,high,60,Elise,蜘蛛女皇,Assassin,刺客,10,10,118.1,90,90,94.5,72.2,59,59,60.5
6,high,16,Soraka,众星之子,Support,辅助,11,11,143,115.5,139,159,108.91,71,109,124.5
6,high,136,AurelionSol,铸星龙王,Mage,法师,12,12,106.17,77,77,97.5,106.75,59,89,129
6,high,221,Zeri,祖安花火,Marksman,射手,5,5,85.8,81,81,93,66.8,59,59,71
6,high,36,DrMundo,祖安狂人,Tank,坦克,14,13,143.07,100,124,166.25,157.07,103.25,142,202.75
6,high,19,Warwick,祖安怒兽,Fighter,战士,5,5,98.6,97,97,97,86.6,73,73,103
7,high,134,Syndra,暗黑元首,Mage,法师,8,7,113.38,86,92.5,121,85.25,61,65,108.5
7,high,67,Vayne,暗夜猎手,Marksman,射手,35,27,106.71,90,90,122.5,72.63,61,61,69.5
7,high,266,Aatrox,暗裔剑魔,Fighter,战士,6,5,161.67,129.75,154.5,167.25,126.83,91.75,109.5,134.75
7,high,107,Rengar,傲之追猎者,Assassin,刺客,10,9,108.2,102,102,111,80.2,76,76,76
7,high,112,Viktor,奥术先驱,Mage,法师,12,12,110.58,88,96.5,118.5,72.42,61,61,73.75
7,high,950,Naafiri,百裂冥犬,Assassin,刺客,16,15,114.06,96,96,99,92.94,76,76,92.5
7,high,240,Kled,暴怒骑士,Fighter,战士,12,12,117.08,91,109.5,138,83.83,59,93.5,98.5
7,high,222,Jinx,暴走萝莉,Marksman,射手,9,8,92.89,89,89,89,64.89,61,61,61
7,high,115,Ziggs,爆破鬼才,Mage,法师,7,7,104.71,89,89,119,69.57,61,61,67
7,high,113,Sejuani,北地之怒,Tank,坦克,7,6,412.71,300,390,487.5,247.29,176,279,288
7,high,34,Anivia,冰晶凤凰,Mage,法师,6,5,119.83,105.75,114.5,128.5,92.33,66.25,79,91.75
7,high,127,Lissandra,冰霜女巫,Mage,法师,9,8,125.78,91,127,139,97.56,64,96,103
7,high,895,Nilah,不羁之悦,Fighter,战士,9,9,104.33,95,95,95,85.33,76,76,76
7,high,904,Zaahen,不落魔锋,Fighter,战士,10,10,143.4,112,139.5,165.25,95.6,76,85,109.75
7,high,106,Volibear,不灭狂雷,Fighter,战士,4,4,185.5,169.5,199,215,129.5,124.75,145.5,150.25
7,high,804,Yunara,不破之誓,Marksman,射手,13,13,101.46,90,90,90,73.62,61,61,61
7,high,80,Pantheon,不屈之枪,Fighter,战士,8,7,129.25,116,121,134.75,90.88,72,93,104.25
7,high,55,Katarina,不祥之刃,Assassin,刺客,17,17,123.94,105,105,147,90.65,76,76,87
7,high,523,Aphelios,残月之肃,Marksman,射手,6,6,99.17,90.25,97.5,107,73.67,62.25,66,82.5
7,high,105,Fizz,潮汐海灵,Assassin,刺客,12,11,127.33,98,98,110,109.08,76,82,92.5
7,high,110,Varus,惩戒之箭,Marksman,射手,8,8,107,88,94,117.25,80.88,64.75,76,89.75
7,high,901,Smolder,炽炎雏龙,Marksman,射手,24,22,91.33,85,85,93.25,70.83,61,61,68.5
7,high,711,Vex,愁云使者,Mage,法师,7,6,115.86,95,113,129,77.71,59,71,86
7,high,427,Ivern,翠神,Support,辅助,10,9,135.3,98,116,166,102.7,64,82,133
7,high,74,Heimerdinger,大发明家,Mage,法师,6,6,108.17,82,97,136,68,61,61,70
7,high,39,Irelia,刀锋舞者,Fighter,战士,6,6,132,119.5,122.5,132.25,83.17,76.5,85,88.25
7,high,91,Talon,刀锋之影,Assassin,刺客,13,13,114.92,103,103,120,89.54,80,80,93
7,high,5,XinZhao,德邦总管,Fighter,战士,14,11,141.14,105,126,160,123.21,94,108.5,121
7,high,59,JarvanIV,德玛西亚皇子,Fighter,战士,11,11,156.18,133,133,173.5,103.55,76,88,124
7,high,86,Garen,德玛西亚之力,Fighter,战士,12,12,153.17,134.25,144.5,168.75,132.25,98.5,107,130.5
7,high,133,Quinn,德玛西亚之翼,Marksman,射手,9,8,113.56,96,111,126,84.67,61,66,91
7,high,235,Senna,涤魂圣枪,Support,辅助,7,7,121.71,92,98,130.5,83.57,61,73,97
7,high,25,Morgana,堕落天使,Support,辅助,12,12,98.25,88,88,91,75.83,61,61,85.75
7,high,35,Shaco,恶魔小丑,Assassin,刺客,9,9,112.22,95,95,125,82.33,76,76,76
7,high,61,Orianna,发条魔灵,Mage,法师,9,8,101.89,83,89,95,63.11,57,63,66
7,high,104,Graves,法外狂徒,Marksman,射手,17,16,153.76,100,112,176,87.06,61,66,105
7,high,92,Riven,放逐之刃,Fighter,战士,6,6,145.83,109,139,182.5,120.33,80.5,110,156
7,high,40,Janna,风暴之怒,Support,辅助,2,2,119,106.5,119,131.5,61,61,61,61
7,high,777,Yone,封魔剑魂,Fighter,战士,5,5,127.8,117,118,135,92.8,76,85,103
7,high,201,Braum,弗雷尔卓德之心,Tank,坦克,7,7,232.86,178.5,211,285,150.71,106,122,191.5
7,high,13,Ryze,符文法师,Mage,法师,7,7,114.14,91,127,135,74.14,63,66,76.5
7,high,63,Brand,复仇焰魂,Mage,法师,19,19,109.89,87,94,136,69.63,61,61,69.5
7,high,429,Kalista,复仇之矛,Marksman,射手,6,6,128.83,98,115.5,144.25,66.83,61,61,61
7,high,99,Lux,光辉女郎,Mage,法师,7,7,128.86,95,110,145,78.57,61,61,61
7,high,7,Leblanc,诡术妖姬,Assassin,刺客,5,5,107.4,85,85,135,79.4,61,61,101
7,high,420,Illaoi,海兽祭司,Fighter,战士,5,5,170.4,161,161,183,127.4,91,156,156
7,high,41,Gangplank,海洋之灾,Fighter,战士,10,9,117.8,104,104,136.25,85.6,76,76,94
7,high,876,Lillia,含羞蓓蕾,Fighter,战士,3,3,130.33,121,149,149,73,72.5,74,74
7,high,22,Ashe,寒冰射手,Marksman,射手,10,9,110.1,93,93,103.25,68.1,61,61,64.75
7,high,223,TahmKench,河流之王,Tank,坦克,5,5,169,147,162,177,112,85,111,111
7,high,1,Annie,黑暗之女,Mage,法师,8,7,101.88,84,84,113.25,73,61,61,77.5
7,high,497,Rakan,幻翎,Support,辅助,5,5,170.2,117,140,201,111.6,88,111,111
7,high,267,Nami,唤潮鲛姬,Support,辅助,9,9,137.89,103,123,158,107,61,72,126
7,high,58,Renekton,荒漠屠夫,Fighter,战士,6,5,153.83,124,141.5,144,104,86.25,102,124.5
7,high,805,Locke,灰烬驱魔人,Assassin,刺客,9,9,136.33,112,150,150,96.22,76,97,106
7,high,412,Thresh,魂锁典狱长,Support,辅助,8,8,229.88,178.5,234,258.5,152.63,117.5,122.5,171.75
7,high,68,Rumble,机械公敌,Fighter,战士,8,8,131,109,109,159,76.38,67,67,67
7,high,157,Yasuo,疾风剑豪,Fighter,战士,16,16,122.06,104,109,132.5,93.19,76,81,103
7,high,131,Diana,皎月女神,Fighter,战士,6,6,120.33,103.75,119,131.25,81.5,76,76,87.25
7,high,517,Sylas,解脱者,Mage,法师,18,16,123.44,109.75,115,129.25,92.94,83,86,93.5
7,high,143,Zyra,荆棘之兴,Mage,法师,13,12,108.92,92,92,110,69.69,61,61,72
7,high,103,Ahri,九尾妖狐,Mage,法师,10,10,106.7,84,96,120.75,86.5,61,70,102.25
7,high,79,Gragas,酒桶,Fighter,战士,12,11,191.67,147.75,166.5,220.25,130.83,109.75,122.5,150.75
7,high,48,Trundle,巨魔之王,Fighter,战士,6,5,134.67,111,120,141.75,125.83,85.75,88,150.25
7,high,4,TwistedFate,卡牌大师,Mage,法师,10,9,110.6,89,119,119,84.1,64.75,91,91
7,high,85,Kennen,狂暴之心,Mage,法师,10,10,121.2,100,106,150,61.8,61,61,61
7,high,233,Briar,狂厄蔷薇,Fighter,战士,12,11,115.5,100.25,116.5,124,103.58,76,106,111.25
7,high,76,Nidalee,狂野女猎手,Assassin,刺客,6,6,119,107,116,127.25,86.83,65,73,108.75
7,high,2,Olaf,狂战士,Fighter,战士,10,10,148.4,122.75,151,161,110.2,91,97,121
7,high,84,Akali,离群之刺,Assassin,刺客,6,6,106.33,96,96,105,83,81,81,81
7,high,888,Renata,炼金男爵,Support,辅助,15,14,120.2,95,107,140,77.27,61,61,96
7,high,27,Singed,炼金术士,Tank,坦克,14,13,169.36,117.75,144.5,212,138.29,103.75,116.5,153
7,high,887,Gwen,灵罗娃娃,Fighter,战士,6,5,154.67,114,138,163.5,115.83,76,76,145.75
7,high,800,Mel,流光镜影,Mage,法师,10,10,98,95,95,100.25,63.3,61,61,63.25
7,high,102,Shyvana,龙血武姬,Fighter,战士,15,13,187.07,167,176,195,137.33,120.5,129,143
7,high,18,Tristana,麦林炮手,Marksman,射手,17,17,97.76,91,91,103,64.76,59,59,71
7,high,23,Tryndamere,蛮族之王,Fighter,战士,8,8,126.25,107,113,138.5,86.5,76,76,91.75
7,high,64,LeeSin,盲僧,Fighter,战士,25,22,133.76,107,107,152,100.84,76,76,111
7,high,150,Gnar,迷失之牙,Fighter,战士,5,5,156.6,106,131,172,127.4,96,105,107
7,high,902,Milio,明烛,Support,辅助,8,8,159.13,129,145.5,200.5,114,94.75,105,128.25
7,high,350,Yuumi,魔法猫咪,Support,辅助,15,13,99.67,88,88,106.5,68.07,54,54,72.5
7,high,69,Cassiopeia,魔蛇之拥,Mage,法师,12,12,97.92,91.25,93,104.25,71,63,66,76.25
7,high,83,Yorick,牧魂人,Fighter,战士,9,9,158.67,119,132,154,95.89,76,94,106
7,high,142,Zoe,暮光星灵,Mage,法师,5,5,115,89,119,139,67,61,61,61
7,high,98,Shen,暮光之眼,Tank,坦克,5,5,195.8,149,156,217,144.2,126,141,141
7,high,897,KSante,纳祖芒荣耀,Tank,坦克,17,16,242.18,180,212,291,198.41,115,170,256
7,high,498,Xayah,逆羽,Marksman,射手,8,8,117.25,88,91.5,131,79.38,61,61,72
7,high,12,Alistar,牛头酋长,Tank,坦克,12,11,201.75,157.25,175.5,212.5,105.42,76,106,119.25
7,high,57,Maokai,扭曲树精,Tank,坦克,10,10,204.2,156.5,186.5,232.75,139.7,102.25,141,164.75
7,high,50,Swain,诺克萨斯统领,Mage,法师,14,12,118.29,93,105,145.25,97.07,65,71.5,111.5
7,high,122,Darius,诺克萨斯之手,Fighter,战士,12,12,166.58,125,150.5,188,109.75,87.25,106,119.5
7,high,33,Rammus,披甲龙龟,Tank,坦克,6,5,290.67,257.75,274.5,292.75,173.17,111,136,227.75
7,high,51,Caitlyn,皮城女警,Marksman,射手,11,10,102.64,95,95,101,63.64,61,61,61
7,high,254,Vi,皮城执法官,Fighter,战士,14,14,125.21,103,115.5,131.5,102,85.75,100,106
7,high,234,Viego,破败之王,Fighter,战士,12,12,124.17,106,116.5,136,83.5,76,76,83.5
7,high,62,MonkeyKing,齐天大圣,Fighter,战士,10,9,174.2,142.75,157,211.5,100.1,84.75,102,111
7,high,37,Sona,琴瑟仙女,Support,辅助,17,16,116.29,89,95,139,79.18,61,64,101
7,high,164,Camille,青钢影,Fighter,战士,5,5,136.8,118,131,143,104.8,76,88,103
7,high,119,Draven,荣耀行刑官,Marksman,射手,5,5,103.4,95,95,107,69.4,61,61,73
7,high,54,Malphite,熔岩巨兽,Tank,坦克,9,9,400.33,313,376,429,125,102,132,149
7,high,526,Rell,镕铁少女,Tank,坦克,8,8,265.25,206,255.5,315,184.5,117.75,185,206.5
7,high,268,Azir,沙漠皇帝,Mage,法师,7,7,108.43,97,97,114.5,71.86,61,61,78.5
7,high,360,Samira,沙漠玫瑰,Marksman,射手,8,8,109.88,97.75,108.5,113,74.13,61,66,78
7,high,75,Nasus,沙漠死神,Fighter,战士,5,5,144,122,143,169,93.2,76,82,88
7,high,516,Ornn,山隐之焰,Tank,坦克,16,16,293.69,227,274,338.75,199.88,153.75,168.5,232.5
7,high,32,Amumu,殇之木乃伊,Tank,坦克,6,6,193.67,166.5,180.5,196.75,149.5,136.25,144,154.75
7,high,21,MissFortune,赏金猎人,Marksman,射手,6,6,92,86,86,95,67,61,61,70
7,high,72,Skarner,上古领主,Tank,坦克,3,3,174,131.5,159,209,176.33,141,176,211.5
7,high,111,Nautilus,深海泰坦,Tank,坦克,13,13,216.77,177,220,237,152.77,115,146,191
7,high,96,KogMaw,深渊巨口,Marksman,射手,7,7,114.71,96,102,123.5,70,61,73,73
7,high,154,Zac,生化魔人,Tank,坦克,5,5,202.6,189,211,214,153.4,91,188,199
7,high,78,Poppy,圣锤之毅,Tank,坦克,12,11,185.58,135.75,179.5,202.5,123.92,92.75,118,150.75
7,high,236,Lucian,圣枪游侠,Marksman,射手,18,17,97.89,91,91,96,68.33,61,61,69.75
7,high,26,Zilean,时光守护者,Support,辅助,11,11,133.27,110,127,153,74.73,67,67,81.5
7,high,245,Ekko,时间刺客,Assassin,刺客,8,8,127.88,106,110,162.75,89.88,80.5,83.5,88
7,high,77,Udyr,兽灵行者,Fighter,战士,6,6,189.67,110.5,138,185.75,118.5,100.75,112,124
7,high,89,Leona,曙光女神,Tank,坦克,9,9,270.67,177,259,291,180.22,156,176,211
7,high,893,Aurora,双界灵兔,Mage,法师,5,5,101.2,89,89,100,64.6,63,63,63
7,high,30,Karthus,死亡颂唱者,Mage,法师,9,8,102.22,89,89,101,66.67,61,61,64
7,high,81,Ezreal,探险家,Marksman,射手,20,18,99.9,87,89.5,93.5,75.25,61,63.5,70
7,high,43,Karma,天启者,Mage,法师,5,5,194.4,175,194,233,132.2,96,146,150
7,high,82,Mordekaiser,铁铠冥魂,Fighter,战士,16,16,163,105,124.5,160.75,123.81,76,106,142.25
7,high,799,Ambessa,铁血狼母,Fighter,战士,12,10,121.42,110,110,120.5,91.08,76,76,88.5
7,high,28,Evelynn,痛苦之拥,Assassin,刺客,6,6,121.67,110,113.5,125.25,90.33,77,84,101.5
7,high,44,Taric,瓦洛兰之盾,Support,辅助,9,9,213.78,158,192,264,131.44,102,106,144
7,high,518,Neeko,万花通灵,Mage,法师,4,4,106.25,95,95,106.25,61,61,61,61
7,high,875,Sett,腕豪,Fighter,战士,18,18,142.33,109,137,164.25,103.44,84.5,104.5,113
7,high,14,Sion,亡灵战神,Tank,坦克,12,12,164.58,128,149,182.25,139,112.75,131,168.5
7,high,126,Jayce,未来守护者,Fighter,战士,9,8,110.33,106,106,121,75.78,61,73,88
7,high,29,Twitch,瘟疫之源,Marksman,射手,10,10,92.7,88,88,88,65.7,61,61,61
7,high,11,MasterYi,无极剑圣,Fighter,战士,17,15,112.94,104,104,104,81.12,76,76,76
7,high,114,Fiora,无双剑姬,Fighter,战士,11,10,140.82,118,146,160,120.36,88,100,138.5
7,high,6,Urgot,无畏战车,Fighter,战士,6,6,161.67,135.75,163.5,192,128.83,71,92,176.75
7,high,24,Jax,武器大师,Fighter,战士,12,12,146.83,126.5,139,152.75,112.33,100,104.5,121
7,high,202,Jhin,戏命师,Marksman,射手,19,17,99.21,92,92,106,64.42,61,61,67
7,high,117,Lulu,仙灵女巫,Support,辅助,6,5,119.83,93,111,139.5,87,61,79,107.5
7,high,45,Veigar,邪恶小法师,Mage,法师,5,5,119.6,99,116,142,69,63,66,66
7,high,432,Bard,星界游神,Support,辅助,4,4,147.25,106,109.5,150.75,100,61,62.5,101.5
7,high,147,Seraphine,星籁歌姬,Support,辅助,6,6,112,102.5,113,123.5,86,72.25,82,100
7,high,8,Vladimir,猩红收割者,Mage,法师,6,6,102,93,103.5,105,90.17,61,67,86.5
7,high,421,RekSai,虚空遁地兽,Fighter,战士,11,10,147.09,111.5,131,171,109.18,76,106,114
7,high,31,Chogath,虚空恐惧,Tank,坦克,9,9,193.33,156,183,216,126.78,106,106,151
7,high,121,Khazix,虚空掠夺者,Assassin,刺客,11,11,105.73,100,100,104,83.73,76,76,85
7,high,200,Belveth,虚空女皇,Fighter,战士,17,16,157,139,156,159,115.82,76,111,124
7,high,90,Malzahar,虚空先知,Mage,法师,5,4,95.6,86,86,86,70.6,61,61,61
7,high,38,Kassadin,虚空行者,Assassin,刺客,8,7,115,86,114,137.5,78.63,66,66,79.5
7,high,145,Kaisa,虚空之女,Marksman,射手,8,8,97,88,88,103,69.25,61,61,71.5
7,high,161,Velkoz,虚空之眼,Mage,法师,12,12,105.08,90,102.5,111.75,75.67,61,64,79.75
7,high,20,Nunu,雪原双子,Tank,坦克,11,9,193.09,167,183,217.5,185.55,138.5,143,215
7,high,555,Pyke,血港鬼影,Support,辅助,16,13,119.56,110,110,120.5,88.19,76,76,77.5
7,high,17,Teemo,迅捷斥候,Marksman,射手,6,6,104.5,90,102,117.75,71.5,61,68.5,82.75
7,high,163,Taliyah,岩雀,Mage,法师,4,3,124.5,98,117,143.5,76.25,68,71,79.25
7,high,910,Hwei,异画师,Mage,法师,10,9,102.9,90.75,101,115.5,75.6,66.25,74.5,86.5
7,high,42,Corki,英勇投弹手,Marksman,射手,5,5,94,93,93,93,62,61,61,61
7,high,141,Kayn,影流之镰,Fighter,战士,13,11,138.54,109,133,166,94.15,76,82,100
7,high,238,Zed,影流之主,Assassin,刺客,2,2,118.5,117.75,118.5,119.25,79,76,79,82
7,high,166,Akshan,影哨,Marksman,射手,10,10,95.7,94,94,94,67.2,61,61,64.75
7,high,56,Nocturne,永恒梦魇,Fighter,战士,9,9,147.44,118,145,161,101.22,71,92,125
7,high,203,Kindred,永猎双子,Marksman,射手,7,7,105.14,97,97,105.5,69.14,61,61,69.5
7,high,246,Qiyana,元素女皇,Assassin,刺客,7,7,113.14,102,102,115.5,86.29,76,76,89.5
7,high,9,FiddleSticks,远古恐惧,Mage,法师,9,9,123.56,114,115,144,71.67,61,69,73
7,high,101,Xerath,远古巫灵,Mage,法师,5,4,92.8,90,90,97,62.2,61,61,64
7,high,15,Sivir,战争女神,Marksman,射手,10,9,112.5,91,102.5,106,69.8,61,65,73
7,high,120,Hecarim,战争之影,Fighter,战士,19,17,144.84,113,143,159,106.11,76,106,118.5
7,high,53,Blitzcrank,蒸汽机器人,Tank,坦克,16,15,163.75,121.25,145,189.5,113.06,76,106,128.25
7,high,3,Galio,正义巨像,Tank,坦克,19,15,173.11,138,157,191.5,144.95,106,123,192
7,high,10,Kayle,正义天使,Mage,法师,8,8,97.13,89,89,102.5,69.88,53,69.5,82
7,high,60,Elise,蜘蛛女皇,Assassin,刺客,10,10,127.9,96,96,116.5,78.1,61,61,75.25
7,high,16,Soraka,众星之子,Support,辅助,11,11,161.27,134,154,188.5,130.18,84.5,111,150
7,high,136,AurelionSol,铸星龙王,Mage,法师,10,10,118.8,83,83,94.5,116.1,61,82,126.5
7,high,221,Zeri,祖安花火,Marksman,射手,4,4,93,87,87,93,70.75,61,61,70.75
7,high,36,DrMundo,祖安狂人,Tank,坦克,13,12,168.15,128,143,199,168.23,106,141,241
7,high,19,Warwick,祖安怒兽,Fighter,战士,5,5,104.6,103,103,103,106.8,106,115,116
8,high,134,Syndra,暗黑元首,Mage,法师,8,7,126.13,92,100.5,127,94.88,64,69.5,111.5
8,high,67,Vayne,暗夜猎手,Marksman,射手,29,23,124.14,97,101,152,86.03,64,69,99
8,high,266,Aatrox,暗裔剑魔,Fighter,战士,4,4,182,148.25,161.5,195.25,148.5,89,126,185.5
8,high,107,Rengar,傲之追猎者,Assassin,刺客,10,9,111.7,108,108,108,84.2,80,80,80
8,high,112,Viktor,奥术先驱,Mage,法师,12,12,130.58,95,114.5,143.5,88.58,64,67,86.5
8,high,950,Naafiri,百裂冥犬,Assassin,刺客,15,15,122.8,102,102,108,99,80,80,101
8,high,240,Kled,暴怒骑士,Fighter,战士,11,11,128.18,103,127,144,83.36,58,94,99
8,high,222,Jinx,暴走萝莉,Marksman,射手,9,8,98.89,95,95,95,67.89,64,64,64
8,high,115,Ziggs,爆破鬼才,Mage,法师,7,7,114.71,96,96,127,75,64,64,70
8,high,113,Sejuani,北地之怒,Tank,坦克,4,4,418.5,365.25,415.5,468.75,293,265,319.5,347.5
8,high,34,Anivia,冰晶凤凰,Mage,法师,5,4,131.2,126,127,137,99.2,67,88,97
8,high,127,Lissandra,冰霜女巫,Mage,法师,8,7,141.63,95.5,129.5,145,108.75,66.25,102.5,128.25
8,high,895,Nilah,不羁之悦,Fighter,战士,6,6,101,101,101,101,80,80,80,80
8,high,904,Zaahen,不落魔锋,Fighter,战士,8,8,161.88,128,160.5,191.75,104.25,89,92,125.75
8,high,106,Volibear,不灭狂雷,Fighter,战士,3,3,181.67,153,198,218.5,155.33,150,155,160.5
8,high,804,Yunara,不破之誓,Marksman,射手,12,12,115.92,97,97,97,86.75,64,64,67.75
8,high,80,Pantheon,不屈之枪,Fighter,战士,7,7,142.14,123,143,157.5,92.86,76,76,110
8,high,55,Katarina,不祥之刃,Assassin,刺客,16,16,130.75,112,112,142.75,92.88,80,80,95.75
8,high,523,Aphelios,残月之肃,Marksman,射手,6,6,111,96.25,107.5,118,84.83,65.25,69,94.5
8,high,105,Fizz,潮汐海灵,Assassin,刺客,10,9,142.4,104,104,116,126.6,80,86,105.5
8,high,110,Varus,惩戒之箭,Marksman,射手,8,8,110.75,94,100,122.75,81.63,64,72.5,92.75
8,high,901,Smolder,炽炎雏龙,Marksman,射手,22,20,97.95,91,91,100.25,72.64,64,64,71.5
8,high,711,Vex,愁云使者,Mage,法师,5,4,125.8,119,125,145,77.6,62,86,86
8,high,427,Ivern,翠神,Support,辅助,7,7,151.71,108,132,163.5,112.71,70,86,119
8,high,74,Heimerdinger,大发明家,Mage,法师,6,6,114.17,88,103,142,71,64,64,73
8,high,39,Irelia,刀锋舞者,Fighter,战士,5,5,156,128,154,191,110.4,90,108,123
8,high,91,Talon,刀锋之影,Assassin,刺客,13,13,126.38,110,110,143,97.46,84,84,117
8,high,5,XinZhao,德邦总管,Fighter,战士,12,9,155.58,111,138.5,174.5,134.33,91.25,119,142.25
8,high,59,JarvanIV,德玛西亚皇子,Fighter,战士,9,9,189.22,139,171,235,114.33,80,92,139
8,high,86,Garen,德玛西亚之力,Fighter,战士,11,11,174.36,142,163,197.5,156.55,104,119,172
8,high,133,Quinn,德玛西亚之翼,Marksman,射手,9,8,123.11,103,118,138,90,64,69,99
8,high,235,Senna,涤魂圣枪,Support,辅助,6,6,133.83,95,113,152.75,90.33,64,70,112
8,high,25,Morgana,堕落天使,Support,辅助,12,12,109,94,94,109,83.58,64,64,94.25
8,high,35,Shaco,恶魔小丑,Assassin,刺客,9,9,118.11,101,101,131,86.22,80,80,80
8,high,61,Orianna,发条魔灵,Mage,法师,7,7,118.43,101,107,132,78.14,72,72,79.5
8,high,104,Graves,法外狂徒,Marksman,射手,17,16,177.18,111,152,223,101.29,78,94,126
8,high,92,Riven,放逐之刃,Fighter,战士,5,5,132.8,109,135,154,114.4,80,99,125
8,high,40,Janna,风暴之怒,Support,辅助,1,1,151,151,151,151,64,64,64,64
8,high,777,Yone,封魔剑魂,Fighter,战士,5,5,132.6,123,129,141,103.4,92,107,110
8,high,201,Braum,弗雷尔卓德之心,Tank,坦克,6,6,325,180.5,238,318,237.67,115,150.5,231.75
8,high,13,Ryze,符文法师,Mage,法师,7,7,130.86,97,141,144,85.57,66,69,99
8,high,63,Brand,复仇焰魂,Mage,法师,17,17,126.59,93,105,143,80.18,64,64,76
8,high,429,Kalista,复仇之矛,Marksman,射手,6,6,164.33,113.75,147.5,192.5,98.33,64,64,90.25
8,high,99,Lux,光辉女郎,Mage,法师,7,7,137.86,102,117,152,83.43,64,64,64
8,high,7,Leblanc,诡术妖姬,Assassin,刺客,2,2,144.5,117.75,144.5,171.25,90,77,90,103
8,high,420,Illaoi,海兽祭司,Fighter,战士,5,5,177.4,168,168,190,131.4,95,160,160
8,high,41,Gangplank,海洋之灾,Fighter,战士,10,9,134.6,111,117,147.75,97.9,80,80,103.25
8,high,876,Lillia,含羞蓓蕾,Fighter,战士,3,3,137,127.5,156,156,76,75.5,77,77
8,high,22,Ashe,寒冰射手,Marksman,射手,9,8,118.44,100,100,112,76.33,64,64,76
8,high,223,TahmKench,河流之王,Tank,坦克,4,4,160,148.75,161.5,172.75,123.5,108.5,115,130
8,high,1,Annie,黑暗之女,Mage,法师,8,7,117,90,106.5,138.25,80.5,64,71.5,94
8,high,497,Rakan,幻翎,Support,辅助,5,5,197.8,147,169,222,125.4,92,115,150
8,high,267,Nami,唤潮鲛姬,Support,辅助,7,7,140.43,110,122,150.5,94.14,64,78,117.5
8,high,58,Renekton,荒漠屠夫,Fighter,战士,6,5,159.83,131,148.5,151,109.67,89.5,106,128.5
8,high,805,Locke,灰烬驱魔人,Assassin,刺客,8,8,147.25,128.5,156,156,95.5,80,89.5,105.5
8,high,412,Thresh,魂锁典狱长,Support,辅助,7,7,253.14,213.5,244,288.5,167.14,123,159,191
8,high,68,Rumble,机械公敌,Fighter,战士,7,7,138.14,116,116,141,85,70,70,70
8,high,157,Yasuo,疾风剑豪,Fighter,战士,16,16,137.69,110,124,156,108.88,80,108,122.75
8,high,131,Diana,皎月女神,Fighter,战士,4,4,116.25,106,113.5,123.75,88.5,80,87.5,96
8,high,517,Sylas,解脱者,Mage,法师,16,15,136.19,122,122,136,105.75,90,90,108
8,high,143,Zyra,荆棘之兴,Mage,法师,12,11,121.92,98,104,149,78.92,64,64,80.5
8,high,103,Ahri,九尾妖狐,Mage,法师,10,10,128.3,90,102,130.5,109.2,64.75,86.5,107.75
8,high,79,Gragas,酒桶,Fighter,战士,12,11,205.5,154.75,173.5,241.25,154.92,113.75,134,184.75
8,high,48,Trundle,巨魔之王,Fighter,战士,5,4,160.8,114,162,171,144.8,92,92,208
8,high,4,TwistedFate,卡牌大师,Mage,法师,10,9,118.4,96,125,125,88.8,70,94,94
8,high,85,Kennen,狂暴之心,Mage,法师,8,8,129.38,107,115.5,157,66.75,64,64,66.5
8,high,233,Briar,狂厄蔷薇,Fighter,战士,12,11,123.5,105.25,124,129.25,109.67,80,110,115.25
8,high,76,Nidalee,狂野女猎手,Assassin,刺客,5,5,121,111,123,129,84.2,66,76,93
8,high,2,Olaf,狂战士,Fighter,战士,10,10,154.4,128.75,157,167,115.6,95,101,125
8,high,84,Akali,离群之刺,Assassin,刺客,5,5,115.4,103,103,115,90.4,85,85,97
8,high,888,Renata,炼金男爵,Support,辅助,14,13,137.86,102,125.5,157.25,95.14,64,65.5,101.25
8,high,27,Singed,炼金术士,Tank,坦克,13,12,186.69,123,164,215,156.23,107,158,202
8,high,887,Gwen,灵罗娃娃,Fighter,战士,5,5,145.6,121,121,169,113.6,80,80,155
8,high,800,Mel,流光镜影,Mage,法师,7,7,106.43,102,102,106,67.71,64,64,65.5
8,high,102,Shyvana,龙血武姬,Fighter,战士,15,13,209.73,185.5,194,210,152.6,133.5,142,162.5
8,high,18,Tristana,麦林炮手,Marksman,射手,16,16,106.06,97,97,109,68.19,62,62,74
8,high,23,Tryndamere,蛮族之王,Fighter,战士,6,6,159.17,116.75,133,173.25,113.17,80,86,101
8,high,64,LeeSin,盲僧,Fighter,战士,23,20,135.91,113,113,150.5,98.35,80,80,110
8,high,150,Gnar,迷失之牙,Fighter,战士,5,5,181.6,100,112,286,134.6,81,99,108
8,high,902,Milio,明烛,Support,辅助,7,7,166,140,154,197.5,114.71,96.5,114,118.5
8,high,350,Yuumi,魔法猫咪,Support,辅助,14,13,116.36,94,94,122.75,78.21,57,57,78.75
8,high,69,Cassiopeia,魔蛇之拥,Mage,法师,10,10,110.7,100,100,112.75,76.7,69,69,81.75
8,high,83,Yorick,牧魂人,Fighter,战士,8,8,179.25,134.75,152.5,208.75,99,80,91,113
8,high,142,Zoe,暮光星灵,Mage,法师,5,5,122,96,126,146,70,64,64,64
8,high,98,Shen,暮光之眼,Tank,坦克,5,5,209,155,162,223,149,130,145,149
8,high,897,KSante,纳祖芒荣耀,Tank,坦克,16,16,251,185.5,238,294.25,219.44,140.75,198.5,287.5
8,high,498,Xayah,逆羽,Marksman,射手,8,8,131.63,94,99.5,141.75,93.25,64,68,95.75
8,high,12,Alistar,牛头酋长,Tank,坦克,10,9,210,162.75,173.5,203,123.1,83,119.5,153.75
8,high,57,Maokai,扭曲树精,Tank,坦克,10,10,228.6,163.5,193.5,239.75,147.8,115,147.5,168.75
8,high,50,Swain,诺克萨斯统领,Mage,法师,13,11,130.31,100,116,160,106.38,68,80,126
8,high,122,Darius,诺克萨斯之手,Fighter,战士,11,11,190.55,136.5,178,207,125.45,101,110,144.5
8,high,33,Rammus,披甲龙龟,Tank,坦克,6,5,264.83,260.25,271,286.25,153.67,115,140,176.25
8,high,51,Caitlyn,皮城女警,Marksman,射手,11,10,109.64,102,102,108,66.64,64,64,64
8,high,254,Vi,皮城执法官,Fighter,战士,11,11,128.27,110,122,132,104.36,92,104,110
8,high,234,Viego,破败之王,Fighter,战士,11,11,138.82,112,124,153,90.91,80,89,93.5
8,high,62,MonkeyKing,齐天大圣,Fighter,战士,10,9,174.6,154.25,166.5,198,104.4,91,106,115
8,high,37,Sona,琴瑟仙女,Support,辅助,16,15,120.13,95,101,133.75,79.81,66.25,67,99
8,high,164,Camille,青钢影,Fighter,战士,5,5,142.8,124,137,149,111.8,80,92,122
8,high,119,Draven,荣耀行刑官,Marksman,射手,5,5,113.6,102,106,114,75.8,64,69,76
8,high,54,Malphite,熔岩巨兽,Tank,坦克,9,9,436.11,356,396,506,129,106,136,153
8,high,526,Rell,镕铁少女,Tank,坦克,7,7,289.14,201.5,272,360,235.43,146,271,292
8,high,268,Azir,沙漠皇帝,Mage,法师,6,6,118.17,104,104,130.25,69.83,64,64,64
8,high,360,Samira,沙漠玫瑰,Marksman,射手,7,7,121.57,112,120,127,81.14,66.5,69,93.5
8,high,75,Nasus,沙漠死神,Fighter,战士,4,4,169.25,148.5,175,195.75,109,86.75,96.5,118.75
8,high,516,Ornn,山隐之焰,Tank,坦克,16,16,341.06,273,340.5,373.75,252.75,169.5,228.5,315.25
8,high,32,Amumu,殇之木乃伊,Tank,坦克,6,6,198.83,170.25,186.5,202.75,153,137.75,147.5,158.75
8,high,21,MissFortune,赏金猎人,Marksman,射手,5,5,94.4,92,92,92,66.4,64,64,64
8,high,72,Skarner,上古领主,Tank,坦克,3,3,201.67,170,230,247.5,206.67,145,180,255
8,high,111,Nautilus,深海泰坦,Tank,坦克,13,13,238.15,184,227,282,170,122,155,199
8,high,96,KogMaw,深渊巨口,Marksman,射手,6,6,130.33,108,111.5,142,77,67,77.5,85.75
8,high,154,Zac,生化魔人,Tank,坦克,4,4,227.25,176.75,208.5,259,160.75,94.25,143.5,210
8,high,78,Poppy,圣锤之毅,Tank,坦克,11,10,238.09,191,219,256,146.64,122,163,176
8,high,236,Lucian,圣枪游侠,Marksman,射手,18,17,108,97,99.5,109,75.11,64,68,76
8,high,26,Zilean,时光守护者,Support,辅助,11,11,145.55,117,150,161,81.27,70,70,98.5
8,high,245,Ekko,时间刺客,Assassin,刺客,7,7,137.86,118,118,162,87.71,84.5,89,92
8,high,77,Udyr,兽灵行者,Fighter,战士,6,6,197.67,118.75,147.5,192.75,123,107,116,128
8,high,89,Leona,曙光女神,Tank,坦克,7,7,276,211,280,320,189.71,167.5,180,199
8,high,893,Aurora,双界灵兔,Mage,法师,4,4,124.75,107.25,128.5,146,68.75,66,66,68.75
8,high,30,Karthus,死亡颂唱者,Mage,法师,8,8,119.38,96,99.5,145.25,72.5,64,64,69.25
8,high,81,Ezreal,探险家,Marksman,射手,20,19,109.15,93,98,108.25,81.6,64,69,78.25
8,high,43,Karma,天启者,Mage,法师,5,5,209.2,182,209,240,142.6,99,149,159
8,high,82,Mordekaiser,铁铠冥魂,Fighter,战士,15,15,158.93,111,128,151,125.87,80,110,136
8,high,799,Ambessa,铁血狼母,Fighter,战士,11,10,136.45,117,117,152,100.82,80,80,115
8,high,28,Evelynn,痛苦之拥,Assassin,刺客,4,4,122.75,117,117,122.75,94,80,88,102
8,high,44,Taric,瓦洛兰之盾,Support,辅助,8,8,207.63,160.5,194,262.5,143.38,106,122,153.75
8,high,518,Neeko,万花通灵,Mage,法师,3,3,118.67,104.5,107,127,65.67,64,64,66.5
8,high,875,Sett,腕豪,Fighter,战士,18,18,152.39,119.25,148,173,109.5,94,108.5,130
8,high,14,Sion,亡灵战神,Tank,坦克,12,12,181.08,147.5,169.5,194.75,149,116.75,151,167.5
8,high,126,Jayce,未来守护者,Fighter,战士,9,8,113.33,101,113,116,74.67,64,64,76
8,high,29,Twitch,瘟疫之源,Marksman,射手,9,9,99.67,94,94,98,74.22,64,64,76
8,high,11,MasterYi,无极剑圣,Fighter,战士,14,13,119.07,110,110,125.75,88.36,80,80,80
8,high,114,Fiora,无双剑姬,Fighter,战士,10,10,156.5,135.5,162.5,182,127.5,94.5,119,154.75
8,high,6,Urgot,无畏战车,Fighter,战士,3,3,239.67,184,228,289.5,163.33,131,187,207.5
8,high,24,Jax,武器大师,Fighter,战士,10,10,148.6,134.25,145,165.75,113.4,104,108.5,124.75
8,high,202,Jhin,戏命师,Marksman,射手,18,16,105.61,99,99,112.5,67.78,64,64,70
8,high,117,Lulu,仙灵女巫,Support,辅助,6,5,133,100,118,146.5,96,64,82,110.5
8,high,45,Veigar,邪恶小法师,Mage,法师,5,5,133,107,149,153,78,66,69,69
8,high,432,Bard,星界游神,Support,辅助,3,3,169,113,113,197,117.67,64,64,144.5
8,high,147,Seraphine,星籁歌姬,Support,辅助,6,6,118.17,108.75,119.5,129.5,88.83,75.25,85,103
8,high,8,Vladimir,猩红收割者,Mage,法师,5,5,118.4,97,112,127,99,64,76,94
8,high,421,RekSai,虚空遁地兽,Fighter,战士,9,8,157.56,123,137,181,120.11,80,110,131
8,high,31,Chogath,虚空恐惧,Tank,坦克,9,9,199.56,163,190,223,134.89,110,140,145
8,high,121,Khazix,虚空掠夺者,Assassin,刺客,11,11,112.18,106,106,110,88.36,80,80,91
8,high,200,Belveth,虚空女皇,Fighter,战士,17,16,179.06,146,166,194,138.65,115,125,160
8,high,90,Malzahar,虚空先知,Mage,法师,4,3,116.5,93,99,122.5,87.5,64,70,93.5
8,high,38,Kassadin,虚空行者,Assassin,刺客,8,7,121.75,92,120,148,81.63,69,70,81.75
8,high,145,Kaisa,虚空之女,Marksman,射手,8,8,108.75,94,100.5,118.75,77.88,64,67,88.75
8,high,161,Velkoz,虚空之眼,Mage,法师,11,11,109,97,109,114,80,64,70,86.5
8,high,20,Nunu,雪原双子,Tank,坦克,11,9,206.55,176,198,223.5,191.27,143,153,221.5
8,high,555,Pyke,血港鬼影,Support,辅助,13,11,132.23,117,117,137,92.54,80,80,100
8,high,17,Teemo,迅捷斥候,Marksman,射手,5,5,112.8,97,97,131,74.8,64,64,91
8,high,163,Taliyah,岩雀,Mage,法师,4,3,133.25,110.25,127.5,150.5,80,71,75.5,84.5
8,high,910,Hwei,异画师,Mage,法师,8,7,114.13,101.25,108,117.75,81.13,66.25,76,82.75
8,high,42,Corki,英勇投弹手,Marksman,射手,5,5,100.8,100,100,100,65,64,64,64
8,high,141,Kayn,影流之镰,Fighter,战士,11,11,165.27,134,165,173.5,108.36,80,92,120
8,high,238,Zed,影流之主,Assassin,刺客,1,1,124,124,124,124,89,89,89,89
8,high,166,Akshan,影哨,Marksman,射手,10,10,102.7,101,101,101,70.2,64,64,67.75
8,high,56,Nocturne,永恒梦魇,Fighter,战士,8,8,162.5,125.5,159,197.5,110.38,74,112,130.75
8,high,203,Kindred,永猎双子,Marksman,射手,7,7,109.29,104,104,112.5,69.29,64,64,72.5
8,high,246,Qiyana,元素女皇,Assassin,刺客,5,5,138,120,135,153,98.2,92,92,102
8,high,9,FiddleSticks,远古恐惧,Mage,法师,9,9,131.78,121,127,151,75.11,64,74,76
8,high,101,Xerath,远古巫灵,Mage,法师,5,4,99.8,97,97,104,65.2,64,64,67
8,high,15,Sivir,战争女神,Marksman,射手,10,9,127.6,97,108.5,112,86.3,64,68,76
8,high,120,Hecarim,战争之影,Fighter,战士,18,16,165.17,121,168.5,189.75,116.06,80,110,137.5
8,high,53,Blitzcrank,蒸汽机器人,Tank,坦克,16,15,182.25,134.25,167,207.25,126.75,94.25,110,135.25
8,high,3,Galio,正义巨像,Tank,坦克,15,13,192.93,165.5,195,219,161.73,111.5,137,203
8,high,10,Kayle,正义天使,Mage,法师,8,8,105,95,101,109.25,74.75,65,74,85
8,high,60,Elise,蜘蛛女皇,Assassin,刺客,10,10,147.6,103,103,131.5,91.2,64,64,91.75
8,high,16,Soraka,众星之子,Support,辅助,10,10,171.8,138.5,159.5,200.75,140.9,83.25,112.5,213.25
8,high,136,AurelionSol,铸星龙王,Mage,法师,8,8,121.38,89,89,110,99.88,64,64,124.25
8,high,221,Zeri,祖安花火,Marksman,射手,3,3,98,93,93,100.5,69,64,64,71.5
8,high,36,DrMundo,祖安狂人,Tank,坦克,10,10,168.8,128,159.5,194,187.8,113,180.5,260.75
8,high,19,Warwick,祖安怒兽,Fighter,战士,4,4,109,109,109,109,108.75,102.5,115,121.25
9,high,134,Syndra,暗黑元首,Mage,法师,7,7,138.71,98,109,138,104.43,67,75,122
9,high,67,Vayne,暗夜猎手,Marksman,射手,28,22,128.82,104,104,159,89.39,67,67,100.25
9,high,266,Aatrox,暗裔剑魔,Fighter,战士,4,4,179,137.5,149.5,191,141.75,92,109,158.75
9,high,107,Rengar,傲之追猎者,Assassin,刺客,10,9,120.7,114,114,123,90.2,83,83,92
9,high,112,Viktor,奥术先驱,Mage,法师,11,11,159.82,101,126,150,107.18,67,73,109
9,high,950,Naafiri,百裂冥犬,Assassin,刺客,14,14,140.21,108,108,132.25,114.43,83,89,114.5
9,high,240,Kled,暴怒骑士,Fighter,战士,11,11,144.64,116.5,138,150,92.55,67,85,107
9,high,222,Jinx,暴走萝莉,Marksman,射手,9,8,110.22,101,101,122,74.56,67,67,79
9,high,115,Ziggs,爆破鬼才,Mage,法师,7,7,123.71,103,103,134,83.29,67,67,84.5
9,high,113,Sejuani,北地之怒,Tank,坦克,4,4,556.75,484.75,540.5,612.5,334.25,299.25,353.5,388.5
9,high,34,Anivia,冰晶凤凰,Mage,法师,3,3,140.33,121,143,161,79,68.5,70,85
9,high,127,Lissandra,冰霜女巫,Mage,法师,7,6,162,135.5,139,147,107.57,92,105,112.5
9,high,895,Nilah,不羁之悦,Fighter,战士,6,6,111.17,107,107,107,86.33,83,83,83
9,high,904,Zaahen,不落魔锋,Fighter,战士,8,8,197.75,159.75,190,237.5,132.38,114.5,137.5,149
9,high,106,Volibear,不灭狂雷,Fighter,战士,2,2,159,136.5,159,181.5,153,150.5,153,155.5
9,high,804,Yunara,不破之誓,Marksman,射手,12,12,128.92,103,103,103,94.17,67,67,70.75
9,high,80,Pantheon,不屈之枪,Fighter,战士,6,6,171.83,158.5,172,184,105.83,94,111,119
9,high,55,Katarina,不祥之刃,Assassin,刺客,16,16,149.69,118,158,168.25,98.5,83,83,113
9,high,523,Aphelios,残月之肃,Marksman,射手,6,6,155.17,102.25,142,179.5,92.5,68,71,97.25
9,high,105,Fizz,潮汐海灵,Assassin,刺客,10,9,150.5,111,111,132,130.8,83,89,111.5
9,high,110,Varus,惩戒之箭,Marksman,射手,7,7,119.14,99,103,131.5,88.71,75,82,99
9,high,901,Smolder,炽炎雏龙,Marksman,射手,20,18,110.95,97,97,109,87,67,73.5,91.25
9,high,711,Vex,愁云使者,Mage,法师,5,4,137.2,132,148,152,82.2,65,92,94
9,high,427,Ivern,翠神,Support,辅助,7,7,150.43,115,139,170.5,116.14,73,97,150.5
9,high,74,Heimerdinger,大发明家,Mage,法师,6,6,131.83,101.5,134,153,79.33,67,71,78
9,high,39,Irelia,刀锋舞者,Fighter,战士,5,5,145.4,134,137,162,109.6,96,112,121
9,high,91,Talon,刀锋之影,Assassin,刺客,13,13,135.85,116,131,152,103.92,87,87,123
9,high,5,XinZhao,德邦总管,Fighter,战士,11,9,171,126.5,167,189,146.55,90.5,128,164
9,high,59,JarvanIV,德玛西亚皇子,Fighter,战士,9,9,197.89,133,178,269,121.33,83,95,143
9,high,86,Garen,德玛西亚之力,Fighter,战士,10,10,206.2,148,187,237.5,183.1,107,115.5,200.5
9,high,133,Quinn,德玛西亚之翼,Marksman,射手,8,7,130,110,119.5,148,100.88,67,69,110.75
9,high,235,Senna,涤魂圣枪,Support,辅助,6,6,145,101,119,181.25,98.33,67,73,115
9,high,25,Morgana,堕落天使,Support,辅助,10,10,127.8,100,114,150,89.8,67,72.5,103.75
9,high,35,Shaco,恶魔小丑,Assassin,刺客,9,9,126.56,107,129,137,91.22,83,83,100
9,high,61,Orianna,发条魔灵,Mage,法师,7,7,139.14,116.5,124,163,88.43,81,84,94.5
9,high,104,Graves,法外狂徒,Marksman,射手,17,16,200.18,114,179,273,116.71,71,98,147
9,high,92,Riven,放逐之刃,Fighter,战士,5,5,156,115,140,175,134.6,83,101,158
9,high,40,Janna,风暴之怒,Support,辅助,1,1,157,157,157,157,67,67,67,67
9,high,777,Yone,封魔剑魂,Fighter,战士,4,4,144.25,127,139,156.25,109.25,103.25,111.5,117.5
9,high,201,Braum,弗雷尔卓德之心,Tank,坦克,4,4,392.5,300.25,362.5,454.75,231.75,129.5,232.5,334.75
9,high,13,Ryze,符文法师,Mage,法师,6,6,125.5,104,125.5,147,102.83,69,78,109.5
9,high,63,Brand,复仇焰魂,Mage,法师,17,17,144.35,111,149,149,86.59,67,70,79
9,high,429,Kalista,复仇之矛,Marksman,射手,6,6,141,116.75,138,159.25,75.33,67,67,78.25
9,high,99,Lux,光辉女郎,Mage,法师,7,7,150.14,110,125,175,90.71,67,67,82
9,high,7,Leblanc,诡术妖姬,Assassin,刺客,2,2,150.5,123.75,150.5,177.25,93,80,93,106
9,high,420,Illaoi,海兽祭司,Fighter,战士,5,5,191.4,175,175,225,135.4,98,133,163
9,high,41,Gangplank,海洋之灾,Fighter,战士,10,9,154.7,120,132.5,156.75,117.2,83,95,127.75
9,high,876,Lillia,含羞蓓蕾,Fighter,战士,3,3,165,153.5,162,175,91,86,92,96.5
9,high,22,Ashe,寒冰射手,Marksman,射手,9,8,153.22,107,107,162,97.67,67,67,127
9,high,223,TahmKench,河流之王,Tank,坦克,3,3,196.67,185,190,205,156,145,158,168
9,high,1,Annie,黑暗之女,Mage,法师,8,7,147.75,129.75,149,176.5,102,67,83.5,108.25
9,high,497,Rakan,幻翎,Support,辅助,5,5,229,131,154,304,163.2,118,153,194
9,high,267,Nami,唤潮鲛姬,Support,辅助,7,7,157.57,131.5,148,168,109.86,74,97,144.5
9,high,58,Renekton,荒漠屠夫,Fighter,战士,5,5,146,133,153,158,104.8,88,109,109
9,high,805,Locke,灰烬驱魔人,Assassin,刺客,8,8,148.63,134.75,162,162,96.13,83,83,108.5
9,high,412,Thresh,魂锁典狱长,Support,辅助,5,5,316.4,246,349,367,185,121,122,235
9,high,68,Rumble,机械公敌,Fighter,战士,7,7,154.57,122,122,153,98.43,73,73,79
9,high,157,Yasuo,疾风剑豪,Fighter,战士,14,14,155,117,147.5,182.75,120.71,83,122,132.5
9,high,131,Diana,皎月女神,Fighter,战士,4,4,128.75,123.25,131.5,137,98.25,94.25,99.5,103.5
9,high,517,Sylas,解脱者,Mage,法师,16,15,147.44,129,130.5,157,110.38,94,98,120.75
9,high,143,Zyra,荆棘之兴,Mage,法师,11,10,136.55,110,121,163,88.64,67,79,92
9,high,103,Ahri,九尾妖狐,Mage,法师,9,9,139.44,96,115,146,107.89,67,82,107
9,high,79,Gragas,酒桶,Fighter,战士,12,11,255.92,163,211,321.25,190.75,123.25,177.5,243
9,high,48,Trundle,巨魔之王,Fighter,战士,5,4,185.2,157,178,221,157.2,95,97,212
9,high,4,TwistedFate,卡牌大师,Mage,法师,10,9,133,104.25,131,142.25,95,76.75,97,103.75
9,high,85,Kennen,狂暴之心,Mage,法师,6,6,146.17,118.75,148.5,173,72.83,67,72.5,78.75
9,high,233,Briar,狂厄蔷薇,Fighter,战士,12,11,136.17,111.25,132.5,139.25,118.92,83,113.5,126.25
9,high,76,Nidalee,狂野女猎手,Assassin,刺客,4,4,130,123,132,139,86.5,72,77,91.5
9,high,2,Olaf,狂战士,Fighter,战士,10,10,173.7,151.75,165.5,201.25,128.9,98,119,131.75
9,high,84,Akali,离群之刺,Assassin,刺客,5,5,131.8,109,133,149,95.8,88,88,103
9,high,888,Renata,炼金男爵,Support,辅助,12,11,160.5,109,162.5,194,105.75,67,68.5,140.75
9,high,27,Singed,炼金术士,Tank,坦克,12,11,212.42,136.5,200,263,188.5,116,139,252.25
9,high,887,Gwen,灵罗娃娃,Fighter,战士,4,4,182.5,128,128,182.5,137.75,83,83,137.75
9,high,800,Mel,流光镜影,Mage,法师,6,6,122.33,110,119.5,133.5,78.67,67,74.5,89.5
9,high,102,Shyvana,龙血武姬,Fighter,战士,13,12,234.77,210,221,261,170.31,153,162,187
9,high,18,Tristana,麦林炮手,Marksman,射手,15,15,121.07,103,115,133,77.93,65,65,82.5
9,high,23,Tryndamere,蛮族之王,Fighter,战士,6,6,158.5,123.5,159,190,107.17,83,95,119.75
9,high,64,LeeSin,盲僧,Fighter,战士,23,20,146.26,120,120,160.5,108.39,83,83,115.5
9,high,150,Gnar,迷失之牙,Fighter,战士,4,4,282.25,203,289.5,368.75,186,130,135.5,191.5
9,high,902,Milio,明烛,Support,辅助,7,7,193,147,162,229.5,139,108,122,137
9,high,350,Yuumi,魔法猫咪,Support,辅助,13,12,131.62,100,125,130,86.31,59,69,89
9,high,69,Cassiopeia,魔蛇之拥,Mage,法师,10,10,121.1,107,107,126.5,83.7,72,72,84.75
9,high,83,Yorick,牧魂人,Fighter,战士,7,7,194,138.5,169,240,107.29,83,113,123.5
9,high,142,Zoe,暮光星灵,Mage,法师,5,5,129,103,133,153,73,67,67,67
9,high,98,Shen,暮光之眼,Tank,坦克,5,5,261.6,161,229,346,205.8,133,148,197
9,high,897,KSante,纳祖芒荣耀,Tank,坦克,14,14,270.57,191,235,345.75,258.36,116.75,162,445
9,high,498,Xayah,逆羽,Marksman,射手,8,8,165.5,100,119.5,181,119.63,73,99.5,112
9,high,12,Alistar,牛头酋长,Tank,坦克,10,9,241.7,172.25,183,269,135.7,93.5,130.5,164.25
9,high,57,Maokai,扭曲树精,Tank,坦克,9,9,287,178,218,394,161.22,123,153,188
9,high,50,Swain,诺克萨斯统领,Mage,法师,12,11,171,122.75,164.5,198.25,117.58,71,83,155.75
9,high,122,Darius,诺克萨斯之手,Fighter,战士,10,10,219.6,152.5,190.5,233,144.5,105.5,113,175.5
9,high,33,Rammus,披甲龙龟,Tank,坦克,6,5,344.17,316.5,339.5,340.75,192.83,149.25,178,240.5
9,high,51,Caitlyn,皮城女警,Marksman,射手,11,10,117.64,109,109,121,70.64,67,67,73
9,high,254,Vi,皮城执法官,Fighter,战士,11,11,151.64,116,126,143.5,113.18,94,113,116
9,high,234,Viego,破败之王,Fighter,战士,10,10,156.7,131,141,185.75,98.8,83,94,112.25
9,high,62,MonkeyKing,齐天大圣,Fighter,战士,9,9,192.22,154,202,222,111.89,91,109,124
9,high,37,Sona,琴瑟仙女,Support,辅助,15,14,137,108,136,151,85.2,68.5,70,103.5
9,high,164,Camille,青钢影,Fighter,战士,5,5,155.2,144,156,158,117.2,83,95,137
9,high,119,Draven,荣耀行刑官,Marksman,射手,5,5,122.8,108,113,120,81.4,67,71,79
9,high,54,Malphite,熔岩巨兽,Tank,坦克,9,9,486.78,480,507,540,132.56,109,144,156
9,high,526,Rell,镕铁少女,Tank,坦克,7,7,306.71,241,301,372.5,269.43,190,270,294.5
9,high,268,Azir,沙漠皇帝,Mage,法师,6,6,141.83,119.75,153.5,161,72.83,67,67,67
9,high,360,Samira,沙漠玫瑰,Marksman,射手,6,6,133.83,116.25,131,152.5,85.83,68,71,106.25
9,high,75,Nasus,沙漠死神,Fighter,战士,4,4,208.25,195,217,230.25,141.75,124.25,152.5,170
9,high,516,Ornn,山隐之焰,Tank,坦克,16,16,391.5,269.25,346.5,410.5,314.75,230.75,312.5,392.5
9,high,32,Amumu,殇之木乃伊,Tank,坦克,5,5,235.6,210,235,265,169,143,158,163
9,high,21,MissFortune,赏金猎人,Marksman,射手,5,5,100.4,98,98,98,69.4,67,67,67
9,high,72,Skarner,上古领主,Tank,坦克,3,3,208.67,177,237,254.5,223.33,168,183,258.5
9,high,111,Nautilus,深海泰坦,Tank,坦克,13,13,253.15,191,248,265,174.31,125,170,198
9,high,96,KogMaw,深渊巨口,Marksman,射手,6,6,148.17,121.75,141,168.5,98.17,70.75,85,112
9,high,154,Zac,生化魔人,Tank,坦克,4,4,292.5,252.5,285.5,325.5,200.75,127.25,199,272.5
9,high,78,Poppy,圣锤之毅,Tank,坦克,11,10,282.09,225.5,283,308.5,166.09,128,145,201
9,high,236,Lucian,圣枪游侠,Marksman,射手,17,16,111.94,103,108,115,76,67,70,79
9,high,26,Zilean,时光守护者,Support,辅助,10,10,167.9,142,167.5,195.75,83.1,73,76,97
9,high,245,Ekko,时间刺客,Assassin,刺客,6,6,149.5,127.75,149,171,93,85.5,94,96.5
9,high,77,Udyr,兽灵行者,Fighter,战士,6,6,207.83,125.25,165,204,129.67,110.75,123,142.75
9,high,89,Leona,曙光女神,Tank,坦克,6,6,358.5,239.75,342,456.25,233,180.5,196.5,217.75
9,high,893,Aurora,双界灵兔,Mage,法师,4,4,131.25,114.75,135.5,152,71.75,69,69,71.75
9,high,30,Karthus,死亡颂唱者,Mage,法师,7,7,125.43,103,110,150.5,68.71,67,67,68.5
9,high,81,Ezreal,探险家,Marksman,射手,19,18,135.63,99,104,120,100.63,67,71,95.5
9,high,43,Karma,天启者,Mage,法师,5,5,237.8,189,204,305,159.6,102,152,167
9,high,82,Mordekaiser,铁铠冥魂,Fighter,战士,14,14,183.71,117,137.5,163.5,149.79,83,124.5,152.5
9,high,799,Ambessa,铁血狼母,Fighter,战士,10,9,157.2,124,124,164.5,124.1,83,83,123.5
9,high,28,Evelynn,痛苦之拥,Assassin,刺客,4,4,143.25,123,123,143.25,111.25,83,103,131.25
9,high,44,Taric,瓦洛兰之盾,Support,辅助,6,6,261.83,192.5,257,303.5,178.83,134.5,162.5,212.25
9,high,518,Neeko,万花通灵,Mage,法师,3,3,135,110,110,147.5,77,67,67,82
9,high,875,Sett,腕豪,Fighter,战士,16,16,171,148.25,176,196,119,101.25,114,139.25
9,high,14,Sion,亡灵战神,Tank,坦克,11,11,212.36,151,201,273.5,163.82,118,163,205.5
9,high,126,Jayce,未来守护者,Fighter,战士,8,8,120,108,120,124.5,79,67,79,83.5
9,high,29,Twitch,瘟疫之源,Marksman,射手,9,9,108,100,100,112,85.67,67,79,102
9,high,11,MasterYi,无极剑圣,Fighter,战士,14,13,126.07,117,117,132.75,91.36,83,83,83
9,high,114,Fiora,无双剑姬,Fighter,战士,10,10,183.6,152.75,179,207.5,157,97.5,112,197
9,high,6,Urgot,无畏战车,Fighter,战士,3,3,293.67,253,359,367,200.67,150.5,222,261.5
9,high,24,Jax,武器大师,Fighter,战士,9,9,193.67,143,173,195,144.44,110,137,147
9,high,202,Jhin,戏命师,Marksman,射手,17,15,116.53,106,106,120,74.94,67,67,79
9,high,117,Lulu,仙灵女巫,Support,辅助,5,5,129.2,107,107,143,104.2,67,67,103
9,high,45,Veigar,邪恶小法师,Mage,法师,4,4,135.5,112.25,135.5,158.75,70.5,69,70.5,72
9,high,432,Bard,星界游神,Support,辅助,3,3,193.33,145,170,230,120.67,67,67,147.5
9,high,147,Seraphine,星籁歌姬,Support,辅助,6,6,131.5,116,128,140,96.33,79.5,89,106
9,high,8,Vladimir,猩红收割者,Mage,法师,4,4,126,103,118,141,110.75,76,88,122.75
9,high,421,RekSai,虚空遁地兽,Fighter,战士,9,8,184.44,134,156,209,136.11,94,123,167
9,high,31,Chogath,虚空恐惧,Tank,坦克,9,9,244.11,171,231,291,151.33,130,148,186
9,high,121,Khazix,虚空掠夺者,Assassin,刺客,11,11,126.36,112,112,130.5,99.55,83,93,106.5
9,high,200,Belveth,虚空女皇,Fighter,战士,17,16,212.71,153,198,242,164,118,128,183
9,high,90,Malzahar,虚空先知,Mage,法师,3,3,131.33,122,144,147,81.67,67,67,89
9,high,38,Kassadin,虚空行者,Assassin,刺客,8,7,124,98,114,149.5,80.25,71,72.5,79
9,high,145,Kaisa,虚空之女,Marksman,射手,8,8,117.5,100,100,127,83,67,67,85.75
9,high,161,Velkoz,虚空之眼,Mage,法师,10,10,129.1,108.25,124,138.5,93.3,69.25,85,101.5
9,high,20,Nunu,雪原双子,Tank,坦克,10,9,289,214,248.5,340.5,205.4,168.25,200,226.25
9,high,555,Pyke,血港鬼影,Support,辅助,13,11,137.54,123,123,143,94.85,83,83,93
9,high,17,Teemo,迅捷斥候,Marksman,射手,5,5,137.2,103,133,149,84,67,94,95
9,high,163,Taliyah,岩雀,Mage,法师,4,3,140.25,117.25,134.5,157.5,83,74,78.5,87.5
9,high,910,Hwei,异画师,Mage,法师,8,7,133.5,108.25,118.5,130.75,92.5,69.25,80.5,94.75
9,high,42,Corki,英勇投弹手,Marksman,射手,4,4,107.25,106,106,107.25,78,67,69,80
9,high,141,Kayn,影流之镰,Fighter,战士,8,8,207.88,140,179.5,195.5,131.88,83,88,122
9,high,238,Zed,影流之主,Assassin,刺客,1,1,130,130,130,130,92,92,92,92
9,high,166,Akshan,影哨,Marksman,射手,9,9,117.22,108,108,112,75.11,67,67,79
9,high,56,Nocturne,永恒梦魇,Fighter,战士,7,7,191.71,145.5,198,211,128.29,77,117,163.5
9,high,203,Kindred,永猎双子,Marksman,射手,7,7,117.57,111,111,113,73.57,67,67,69
9,high,246,Qiyana,元素女皇,Assassin,刺客,5,5,141.8,115,127,170,104,95,106,108
9,high,9,FiddleSticks,远古恐惧,Mage,法师,9,9,140.11,128,138,158,80.56,67,78,79
9,high,101,Xerath,远古巫灵,Mage,法师,5,4,106.8,104,104,111,68.2,67,67,70
9,high,15,Sivir,战争女神,Marksman,射手,8,7,128.88,112,117,135.5,79.75,67,78.5,82.25
9,high,120,Hecarim,战争之影,Fighter,战士,18,16,184.11,135.5,175.5,198.25,132.11,83,120.5,161.75
9,high,53,Blitzcrank,蒸汽机器人,Tank,坦克,15,14,218.6,147.5,210,239,145.27,106,118,161.5
9,high,3,Galio,正义巨像,Tank,坦克,14,12,234.07,205,230.5,272.75,195.14,140.5,179,243
9,high,10,Kayle,正义天使,Mage,法师,8,8,117.75,101,111.5,130,84.63,59,72.5,100.5
9,high,60,Elise,蜘蛛女皇,Assassin,刺客,9,9,169.11,109,109,145,103.44,67,67,103
9,high,16,Soraka,众星之子,Support,辅助,9,9,199.67,153,208,247,159.78,114,117,242
9,high,136,AurelionSol,铸星龙王,Mage,法师,8,8,139.88,95,107,172.5,109.5,67,93.5,127.25
9,high,221,Zeri,祖安花火,Marksman,射手,3,3,104,99,99,106.5,77,67,67,82
9,high,36,DrMundo,祖安狂人,Tank,坦克,10,10,201,159,208.5,246,194,116,184,265.25
9,high,19,Warwick,祖安怒兽,Fighter,战士,4,4,131,115,124.5,140.5,115.25,109,118,124.25
10,high,134,Syndra,暗黑元首,Mage,法师,6,6,146.67,104,110,144.5,102,70,74,102
10,high,67,Vayne,暗夜猎手,Marksman,射手,24,20,146.63,110,115,169.5,94.25,70,75.5,101.25
10,high,266,Aatrox,暗裔剑魔,Fighter,战士,4,4,199,165.25,175.5,209.25,158.75,105,139,192.75
10,high,107,Rengar,傲之追猎者,Assassin,刺客,8,7,134.38,120,127.5,146.25,94.5,87,87,94.5
10,high,112,Viktor,奥术先驱,Mage,法师,10,10,174.4,111.25,147.5,157.5,118.6,71.5,87,124.75
10,high,950,Naafiri,百裂冥犬,Assassin,刺客,12,12,158.75,114,114,157.5,127.92,87,87,125.25
10,high,240,Kled,暴怒骑士,Fighter,战士,10,10,153.6,122.75,145.5,164.5,96.3,69,79.5,115.25
10,high,222,Jinx,暴走萝莉,Marksman,射手,8,7,121,108,114,135.75,81.13,70,76,86.5
10,high,115,Ziggs,爆破鬼才,Mage,法师,7,7,145,110,128,175,93.43,70,88,96.5
10,high,113,Sejuani,北地之怒,Tank,坦克,4,4,568.75,493.75,549.5,624.5,340,305,358.5,393.5
10,high,34,Anivia,冰晶凤凰,Mage,法师,3,3,147,127.5,149,167.5,82,71.5,73,88
10,high,127,Lissandra,冰霜女巫,Mage,法师,4,4,132.5,130.25,140.5,142.75,101.5,100,106.5,108
10,high,895,Nilah,不羁之悦,Fighter,战士,6,6,121.5,113,113,113,91,87,87,87
10,high,904,Zaahen,不落魔锋,Fighter,战士,5,5,218,169,229,256,139.8,146,152,152
10,high,106,Volibear,不灭狂雷,Fighter,战士,2,2,165,142.5,165,187.5,157,154.5,157,159.5
10,high,804,Yunara,不破之誓,Marksman,射手,10,10,151.7,110,110,143.75,111.7,70,70,103.75
10,high,80,Pantheon,不屈之枪,Fighter,战士,6,6,180.33,167,188,196.25,107.83,86,107.5,126
10,high,55,Katarina,不祥之刃,Assassin,刺客,11,11,158.09,125,155,180,110,87,104,117
10,high,523,Aphelios,残月之肃,Marksman,射手,5,5,145.8,108,112,187,105.6,70,74,109
10,high,105,Fizz,潮汐海灵,Assassin,刺客,8,8,184.5,118,118,160.5,152.75,87,87,135.5
10,high,110,Varus,惩戒之箭,Marksman,射手,7,7,127,111,115,137,85.14,75,82,83.5
10,high,901,Smolder,炽炎雏龙,Marksman,射手,17,15,123.18,103,115,133,93.12,70,76,100
10,high,711,Vex,愁云使者,Mage,法师,5,4,143.4,138,155,158,79.8,68,68,97
10,high,427,Ivern,翠神,Support,辅助,6,6,174.67,132.5,152.5,195.75,134.33,86.5,108.5,180.75
10,high,74,Heimerdinger,大发明家,Mage,法师,4,4,139.25,101,132,170.25,75.75,70,75.5,81.25
10,high,39,Irelia,刀锋舞者,Fighter,战士,5,5,186,141,172,179,147,118,125,130
10,high,91,Talon,刀锋之影,Assassin,刺客,12,12,157.92,123,150,181.5,120.17,91,114,130.5
10,high,5,XinZhao,德邦总管,Fighter,战士,7,6,198.86,136.5,202,241.5,204,104.5,221,299.5
10,high,59,JarvanIV,德玛西亚皇子,Fighter,战士,7,7,218.43,134,236,294,128,93,110,147.5
10,high,86,Garen,德玛西亚之力,Fighter,战士,7,7,197.86,169,185,215,177.29,110,132,178
10,high,133,Quinn,德玛西亚之翼,Marksman,射手,7,6,145.29,119,132,168,109.43,70,74,125
10,high,235,Senna,涤魂圣枪,Support,辅助,4,4,154.5,113,125,166.5,135.25,79,106,162.25
10,high,25,Morgana,堕落天使,Support,辅助,7,7,138.29,107,121,157,95.29,70,70,106
10,high,35,Shaco,恶魔小丑,Assassin,刺客,8,8,133.63,113,133.5,146.5,94.13,87,87,101.75
10,high,61,Orianna,发条魔灵,Mage,法师,4,4,130.25,120,126,136.25,93.5,84,88.5,98
10,high,104,Graves,法外狂徒,Marksman,射手,15,14,189.47,144.5,158,193,117,81.5,100,139.5
10,high,92,Riven,放逐之刃,Fighter,战士,3,3,173,141,148,192.5,202.67,102,105,254.5
10,high,40,Janna,风暴之怒,Support,辅助,1,1,164,164,164,164,70,70,70,70
10,high,777,Yone,封魔剑魂,Fighter,战士,2,2,180,163.5,180,196.5,156,146.5,156,165.5
10,high,201,Braum,弗雷尔卓德之心,Tank,坦克,4,4,389.75,322.25,379.5,447,231.5,146.25,220.5,305.75
10,high,13,Ryze,符文法师,Mage,法师,5,5,136.4,110,154,154,85.2,72,72,90
10,high,63,Brand,复仇焰魂,Mage,法师,13,13,155,123,156,162,91.46,70,81,94
10,high,429,Kalista,复仇之矛,Marksman,射手,5,5,150,128,155,170,89,70,73,105
10,high,99,Lux,光辉女郎,Mage,法师,6,6,180.33,117,142,189.5,118,70,70,92.5
10,high,7,Leblanc,诡术妖姬,Assassin,刺客,2,2,157.5,130.75,157.5,184.25,96,83,96,109
10,high,420,Illaoi,海兽祭司,Fighter,战士,5,5,206.4,183,183,240,146.4,102,137,202
10,high,41,Gangplank,海洋之灾,Fighter,战士,9,8,175.33,124,144,169,134.33,87,99,157
10,high,876,Lillia,含羞蓓蕾,Fighter,战士,3,3,172,160,169,182.5,94.33,89.5,96,100
10,high,22,Ashe,寒冰射手,Marksman,射手,8,7,151.13,113,113,153.75,103.5,70,70,123.25
10,high,223,TahmKench,河流之王,Tank,坦克,2,2,212,204.5,212,219.5,172,167,172,177
10,high,1,Annie,黑暗之女,Mage,法师,7,7,161.29,149.5,158,183.5,109.86,71.5,100,122
10,high,497,Rakan,幻翎,Support,辅助,3,3,244,143.5,161,303,122,104.5,122,139.5
10,high,267,Nami,唤潮鲛姬,Support,辅助,6,6,186.83,160.25,165.5,177.5,133.17,101.5,120.5,162
10,high,58,Renekton,荒漠屠夫,Fighter,战士,5,5,148,135,140,165,108.6,113,113,113
10,high,805,Locke,灰烬驱魔人,Assassin,刺客,7,7,153.71,143,168,168,102.57,87,87,114
10,high,412,Thresh,魂锁典狱长,Support,辅助,5,5,347.8,259,378,436,186.4,120,125,238
10,high,68,Rumble,机械公敌,Fighter,战士,6,6,167.83,129,135,169.5,113,76,82,109
10,high,157,Yasuo,疾风剑豪,Fighter,战士,13,13,175.85,124,178,199,121.08,87,118,132
10,high,131,Diana,皎月女神,Fighter,战士,4,4,135.5,129.25,139,145.25,102.5,98.25,104,108.25
10,high,517,Sylas,解脱者,Mage,法师,14,13,151.71,137,137,158,109.79,98,103,120.5
10,high,143,Zyra,荆棘之兴,Mage,法师,9,9,147,111,128,150,96.33,70,82,94
10,high,103,Ahri,九尾妖狐,Mage,法师,7,7,164,106,133,153,124,71.5,100,112.5
10,high,79,Gragas,酒桶,Fighter,战士,9,9,255,171,178,337,202.67,122,237,284
10,high,48,Trundle,巨魔之王,Fighter,战士,4,3,198,160.75,204.5,241.75,166.5,99.75,159.5,226.25
10,high,4,TwistedFate,卡牌大师,Mage,法师,9,8,149.44,125,138,159,107.11,98,100,112
10,high,85,Kennen,狂暴之心,Mage,法师,4,4,171.5,165.5,178,184,79.5,79,82,82.5
10,high,233,Briar,狂厄蔷薇,Fighter,战士,11,10,153.64,125,141,184,135,102,134,155
10,high,76,Nidalee,狂野女猎手,Assassin,刺客,3,3,161.67,134,150,183.5,129.67,77.5,86,160
10,high,2,Olaf,狂战士,Fighter,战士,7,7,203.57,163,221,237,141,107,119,140
10,high,84,Akali,离群之刺,Assassin,刺客,4,4,137.5,116,134,155.5,104.75,92,99.5,112.25
10,high,888,Renata,炼金男爵,Support,辅助,10,9,180.4,166,169.5,201,116.6,70,96.5,149.25
10,high,27,Singed,炼金术士,Tank,坦克,8,8,241.63,172.75,235,296.75,212.13,134.25,199.5,272.25
10,high,887,Gwen,灵罗娃娃,Fighter,战士,4,4,189.5,135,135,189.5,141.5,87,87,141.5
10,high,800,Mel,流光镜影,Mage,法师,6,6,131.33,119,131.5,141,83.17,70.75,83.5,94.75
10,high,102,Shyvana,龙血武姬,Fighter,战士,11,11,271.27,231,240,317,195.64,167,176,226
10,high,18,Tristana,麦林炮手,Marksman,射手,10,10,135.4,109,115,162.25,82.4,68,68,80.75
10,high,23,Tryndamere,蛮族之王,Fighter,战士,4,4,147,128,133,152,103.25,87,99,115.25
10,high,64,LeeSin,盲僧,Fighter,战士,17,14,166.35,126,156,181,122.82,87,102,150
10,high,150,Gnar,迷失之牙,Fighter,战士,2,2,147,129,147,165,80,77,80,83
10,high,902,Milio,明烛,Support,辅助,4,4,190.5,158,165.5,198,128.75,118.75,132.5,142.5
10,high,350,Yuumi,魔法猫咪,Support,辅助,12,11,140.58,107,130,142,94.83,62,68,105.75
10,high,69,Cassiopeia,魔蛇之拥,Mage,法师,10,10,132.5,114,114,142,93.4,75,85,102.75
10,high,83,Yorick,牧魂人,Fighter,战士,4,4,211.75,135,200.5,277.25,112.25,87,108,133.25
10,high,142,Zoe,暮光星灵,Mage,法师,3,3,136.67,125,140,150,80,70,70,85
10,high,98,Shen,暮光之眼,Tank,坦克,4,4,295.75,190.25,214.5,320,187.75,150.5,171.5,208.75
10,high,897,KSante,纳祖芒荣耀,Tank,坦克,9,9,351.11,252,366,387,273.78,191,203,361
10,high,498,Xayah,逆羽,Marksman,射手,5,5,157.8,107,159,166,108,109,110,122
10,high,12,Alistar,牛头酋长,Tank,坦克,9,8,318.33,234,323,346,153,87,165,197
10,high,57,Maokai,扭曲树精,Tank,坦克,5,5,337.2,275,391,403,207.8,157,192,237
10,high,50,Swain,诺克萨斯统领,Mage,法师,11,10,180.09,126,149,229.5,122.55,80,92,143
10,high,122,Darius,诺克萨斯之手,Fighter,战士,8,8,257.25,164.75,216,296.5,161,114.5,119.5,206.75
10,high,33,Rammus,披甲龙龟,Tank,坦克,6,5,361.5,352.25,372.5,380,211.67,162,204,268.5
10,high,51,Caitlyn,皮城女警,Marksman,射手,8,8,121.63,116,116,119,75.63,70,70,73
10,high,254,Vi,皮城执法官,Fighter,战士,8,8,158.38,123,123,150.75,112.38,96,117,120.75
10,high,234,Viego,破败之王,Fighter,战士,8,8,171.5,141,175.5,199.75,99.25,87,94,112.5
10,high,62,MonkeyKing,齐天大圣,Fighter,战士,6,6,216.5,209.5,226.5,244.25,115.17,95,96.5,131.75
10,high,37,Sona,琴瑟仙女,Support,辅助,15,14,145.2,114,143,158,89.8,73,82,106.5
10,high,164,Camille,青钢影,Fighter,战士,5,5,179.2,150,164,205,121.2,87,99,141
10,high,119,Draven,荣耀行刑官,Marksman,射手,5,5,161.8,115,134,172,84.4,70,74,82
10,high,54,Malphite,熔岩巨兽,Tank,坦克,8,8,546.75,465,513.5,586.5,141.38,113,150.5,162
10,high,526,Rell,镕铁少女,Tank,坦克,6,6,349.33,222.25,359,461.25,305.67,144,210,373.5
10,high,268,Azir,沙漠皇帝,Mage,法师,6,6,148.83,126.75,160.5,168,75.83,70,70,70
10,high,360,Samira,沙漠玫瑰,Marksman,射手,4,4,156.75,118,144,182.75,111.75,73,99,137.75
10,high,75,Nasus,沙漠死神,Fighter,战士,4,4,229,211.75,251.5,268.75,159.75,132,159,186.75
10,high,516,Ornn,山隐之焰,Tank,坦克,12,12,461.42,371.5,405.5,478.25,386.25,330,396,421.5
10,high,32,Amumu,殇之木乃伊,Tank,坦克,5,5,243.2,186,241,271,191.8,137,147,272
10,high,21,MissFortune,赏金猎人,Marksman,射手,5,5,106.4,104,104,104,72.4,70,70,70
10,high,72,Skarner,上古领主,Tank,坦克,2,2,220.5,171.75,220.5,269.25,247.5,202.25,247.5,292.75
10,high,111,Nautilus,深海泰坦,Tank,坦克,11,11,332.45,246,311,413,250.64,193,244,283
10,high,96,KogMaw,深渊巨口,Marksman,射手,4,4,155,123.25,129,160.75,93.25,81.25,88,100
10,high,154,Zac,生化魔人,Tank,坦克,2,2,260.5,221.75,260.5,299.25,192,167,192,217
10,high,78,Poppy,圣锤之毅,Tank,坦克,9,8,270.33,253,280,307,171.67,132,149,194
10,high,236,Lucian,圣枪游侠,Marksman,射手,14,13,130.29,110,112,128,92.07,70,72,84.25
10,high,26,Zilean,时光守护者,Support,辅助,3,3,161,150,175,179,74,73,73,74.5
10,high,245,Ekko,时间刺客,Assassin,刺客,6,6,175.5,138.25,161,193.5,116,99.5,106,115.5
10,high,77,Udyr,兽灵行者,Fighter,战士,4,4,282.25,171.25,203,314,167.75,124.5,143.5,186.75
10,high,89,Leona,曙光女神,Tank,坦克,5,5,439.6,303,382,609,248,212,226,288
10,high,893,Aurora,双界灵兔,Mage,法师,3,3,142.33,134,159,159,72,72,72,72
10,high,30,Karthus,死亡颂唱者,Mage,法师,6,6,144.5,126,154,158.75,72,70,70,72.25
10,high,81,Ezreal,探险家,Marksman,射手,18,18,130.56,106,110,123.25,92.94,70,74,99.5
10,high,43,Karma,天启者,Mage,法师,4,4,251.75,184.75,250,317,158,103.75,130,184.25
10,high,82,Mordekaiser,铁铠冥魂,Fighter,战士,13,13,219.85,148,153,268,162.77,87,128,148
10,high,799,Ambessa,铁血狼母,Fighter,战士,8,7,158.5,131,136,173.5,124.25,87,92,129.5
10,high,28,Evelynn,痛苦之拥,Assassin,刺客,4,4,160,130,145,175,124.25,109.5,122,136.75
10,high,44,Taric,瓦洛兰之盾,Support,辅助,4,4,322.75,182.75,257,397,263.25,149.5,162.5,276.25
10,high,518,Neeko,万花通灵,Mage,法师,3,3,142,117,117,154.5,80,70,70,85
10,high,875,Sett,腕豪,Fighter,战士,13,13,179.92,161,184,206,127.77,113,118,146
10,high,14,Sion,亡灵战神,Tank,坦克,7,7,218,169,204,267.5,181.43,143,182,221.5
10,high,126,Jayce,未来守护者,Fighter,战士,8,8,153.5,115,168.5,174.25,108.25,70,123.5,128.25
10,high,29,Twitch,瘟疫之源,Marksman,射手,7,7,117.57,106,110,127,97.43,85.5,100,107.5
10,high,11,MasterYi,无极剑圣,Fighter,战士,10,9,134.3,123,123,140.5,97.3,87,87,92.25
10,high,114,Fiora,无双剑姬,Fighter,战士,10,10,201.6,174,195,217.5,167.5,103,141,203.25
10,high,6,Urgot,无畏战车,Fighter,战士,2,2,292,230.5,292,353.5,210.5,146.75,210.5,274.25
10,high,24,Jax,武器大师,Fighter,战士,7,7,208.86,186,204,227,149.29,130.5,142,165
10,high,202,Jhin,戏命师,Marksman,射手,14,12,121.29,113,115,126.5,75.86,70,71.5,80.5
10,high,117,Lulu,仙灵女巫,Support,辅助,5,5,150.2,113,113,188,122.2,70,70,181
10,high,45,Veigar,邪恶小法师,Mage,法师,4,4,168,164,168,172,73.5,72,73.5,75
10,high,432,Bard,星界游神,Support,辅助,2,2,247,187,247,307,167.5,118.75,167.5,216.25
10,high,147,Seraphine,星籁歌姬,Support,辅助,4,4,146.25,133.5,141.5,154.25,124,97.75,113.5,139.75
10,high,8,Vladimir,猩红收割者,Mage,法师,4,4,133,110,125,148,118.5,79,91,130.5
10,high,421,RekSai,虚空遁地兽,Fighter,战士,9,8,196.89,140,185,225,149.33,99,129,171
10,high,31,Chogath,虚空恐惧,Tank,坦克,8,8,263,227.25,256.5,295.5,173.75,129.75,164.5,199.75
10,high,121,Khazix,虚空掠夺者,Assassin,刺客,8,8,136.88,118,125.5,146.5,108.88,87,105,117.25
10,high,200,Belveth,虚空女皇,Fighter,战士,16,15,214.31,159.75,201,239.5,162.25,120.75,122,151.25
10,high,90,Malzahar,虚空先知,Mage,法师,3,3,173.33,157,157,181.5,103,70,70,119.5
10,high,38,Kassadin,虚空行者,Assassin,刺客,6,6,132,105.5,132,158.5,83.83,74,75.5,77
10,high,145,Kaisa,虚空之女,Marksman,射手,7,7,127,107,107,141.5,90,70,70,104.5
10,high,161,Velkoz,虚空之眼,Mage,法师,5,5,134,111,133,147,108.6,70,106,132
10,high,20,Nunu,雪原双子,Tank,坦克,4,4,236.75,194.5,229.5,271.75,221.75,198.75,229,252
10,high,555,Pyke,血港鬼影,Support,辅助,8,8,141.5,130,130,135.25,98.63,87,87,105
10,high,17,Teemo,迅捷斥候,Marksman,射手,4,4,157.75,132.5,154,179.25,95,92.5,100.5,103
10,high,163,Taliyah,岩雀,Mage,法师,3,2,154.33,138,157,172,87,74,80,96.5
10,high,910,Hwei,异画师,Mage,法师,6,5,130.17,119.75,128.5,135,87.67,75,83,94
10,high,42,Corki,英勇投弹手,Marksman,射手,3,3,114.33,113,113,115,71.33,70,70,72
10,high,141,Kayn,影流之镰,Fighter,战士,6,6,180.33,138.75,179.5,195.5,117.67,87,87,119.25
10,high,238,Zed,影流之主,Assassin,刺客,1,1,173,173,173,173,132,132,132,132
10,high,166,Akshan,影哨,Marksman,射手,7,7,128,115,115,127,81.57,70,82,82
10,high,56,Nocturne,永恒梦魇,Fighter,战士,6,6,225.67,185.25,217.5,246.75,148.67,89,145.5,177.25
10,high,203,Kindred,永猎双子,Marksman,射手,5,5,107.4,118,118,118,78.8,70,70,74
10,high,246,Qiyana,元素女皇,Assassin,刺客,5,5,144.8,121,133,172,108.8,99,112,114
10,high,9,FiddleSticks,远古恐惧,Mage,法师,9,9,157.56,135,148,173,87.56,70,82,85
10,high,101,Xerath,远古巫灵,Mage,法师,3,3,117.33,114.5,118,120.5,75,71.5,73,77.5
10,high,15,Sivir,战争女神,Marksman,射手,6,6,149.5,131.75,142.5,160.75,95,82.5,89.5,107.75
10,high,120,Hecarim,战争之影,Fighter,战士,14,13,195.79,166,181,205.5,132.64,99,124.5,164.75
10,high,53,Blitzcrank,蒸汽机器人,Tank,坦克,13,12,234.62,149,176,260,141.31,103,117,134
10,high,3,Galio,正义巨像,Tank,坦克,12,10,254.08,211,260.5,289,202.83,163.75,210,244.75
10,high,10,Kayle,正义天使,Mage,法师,6,6,134,108,118.5,150.75,102.33,65.75,100,138
10,high,60,Elise,蜘蛛女皇,Assassin,刺客,9,9,180.67,116,116,152,109.44,70,70,106
10,high,16,Soraka,众星之子,Support,辅助,8,8,217.5,171.25,217.5,256.25,170.5,107.5,144.5,250.75
10,high,136,AurelionSol,铸星龙王,Mage,法师,7,7,172.14,101,125,212.5,132.86,70,94,164
10,high,221,Zeri,祖安花火,Marksman,射手,3,3,111,106,106,113.5,80,70,70,85
10,high,36,DrMundo,祖安狂人,Tank,坦克,5,5,261.2,252,254,291,242,192,252,275
10,high,19,Warwick,祖安怒兽,Fighter,战士,4,4,138,122,131.5,147.5,119.25,113,122,128.25
11,high,134,Syndra,暗黑元首,Mage,法师,4,4,167.5,110,119,176.5,116.25,73,78.5,121.75
11,high,67,Vayne,暗夜猎手,Marksman,射手,19,18,177.68,118,163,213.5,113.37,73,94,129.5
11,high,266,Aatrox,暗裔剑魔,Fighter,战士,3,3,206.67,162.5,175,235,155,96,101,187
11,high,107,Rengar,傲之追猎者,Assassin,刺客,8,7,137.25,126,126,144.75,96.63,91,91,94.75
11,high,112,Viktor,奥术先驱,Mage,法师,6,6,218.5,117.75,146.5,249.5,164.17,73,80.5,128.5
11,high,950,Naafiri,百裂冥犬,Assassin,刺客,9,9,183.67,120,150,177,150.67,91,121,176
11,high,240,Kled,暴怒骑士,Fighter,战士,8,8,191,160.75,176,216.75,115.75,68.25,96,129.5
11,high,222,Jinx,暴走萝莉,Marksman,射手,5,4,134.8,126,141,144,90.8,85,85,103
11,high,115,Ziggs,爆破鬼才,Mage,法师,6,6,161.33,121.75,160.5,194,99.17,76.75,89.5,100
11,high,113,Sejuani,北地之怒,Tank,坦克,4,4,717.75,646.75,780.5,851.5,395.75,360,382.5,418.25
11,high,34,Anivia,冰晶凤凰,Mage,法师,3,3,162.33,147.5,156,174,94,88,103,104.5
11,high,127,Lissandra,冰霜女巫,Mage,法师,2,2,154.5,149.75,154.5,159.25,115.5,111.75,115.5,119.25
11,high,895,Nilah,不羁之悦,Fighter,战士,3,3,171,132,151,200,131.33,100.5,114,153.5
11,high,904,Zaahen,不落魔锋,Fighter,战士,4,4,229.75,175,211,265.75,148.5,139.75,161,169.75
11,high,106,Volibear,不灭狂雷,Fighter,战士,2,2,209.5,168.25,209.5,250.75,161,148.5,161,173.5
11,high,804,Yunara,不破之誓,Marksman,射手,7,7,182.43,116,116,217.5,151.43,73,113,197
11,high,80,Pantheon,不屈之枪,Fighter,战士,5,5,191.8,144,169,201,109.2,87,99,131
11,high,55,Katarina,不祥之刃,Assassin,刺客,9,9,174.11,132,162,199,127.44,91,121,135
11,high,523,Aphelios,残月之肃,Marksman,射手,4,4,169.75,117,155.5,208.25,130.5,76,102,156.5
11,high,105,Fizz,潮汐海灵,Assassin,刺客,6,6,225.83,128,156,238,182.67,91,97,212.5
11,high,110,Varus,惩戒之箭,Marksman,射手,6,6,151,121,127.5,156.5,105.67,85.75,93,99.5
11,high,901,Smolder,炽炎雏龙,Marksman,射手,13,12,140.38,109,133,145,114.62,73,97,109
11,high,711,Vex,愁云使者,Mage,法师,2,2,155,150,155,160,86,78.5,86,93.5
11,high,427,Ivern,翠神,Support,辅助,4,4,234.75,202.75,243.5,275.5,159,111.25,162.5,210.25
11,high,74,Heimerdinger,大发明家,Mage,法师,4,4,158.25,144.5,163,176.75,78.75,73,78.5,84.25
11,high,39,Irelia,刀锋舞者,Fighter,战士,4,4,177.75,156.25,174.5,196,139.5,125.75,131.5,145.25
11,high,91,Talon,刀锋之影,Assassin,刺客,8,8,166.38,139,155.5,196,126.25,95,119,153.5
11,high,5,XinZhao,德邦总管,Fighter,战士,6,6,218.67,159,192.5,261.25,219.17,126,213.5,313.75
11,high,59,JarvanIV,德玛西亚皇子,Fighter,战士,5,5,276.6,243,299,313,156,115,152,175
11,high,86,Garen,德玛西亚之力,Fighter,战士,6,6,225.33,198.5,229,244.5,196.5,118.5,139,211.25
11,high,133,Quinn,德玛西亚之翼,Marksman,射手,6,6,169.83,128,149.5,211.5,134.17,77,98.5,179.25
11,high,235,Senna,涤魂圣枪,Support,辅助,4,4,170,122,131,179,157.5,85,109,181.5
11,high,25,Morgana,堕落天使,Support,辅助,4,4,135.25,122,126.5,139.75,87,82,85,90
11,high,35,Shaco,恶魔小丑,Assassin,刺客,6,6,156.17,123.75,150.5,190,109.33,94.5,113,121
11,high,61,Orianna,发条魔灵,Mage,法师,4,4,144.25,141.75,145,147.5,103,99.75,102,105.25
11,high,104,Graves,法外狂徒,Marksman,射手,14,14,223.36,160.25,196,276.5,139.36,81.75,109,150.25
11,high,92,Riven,放逐之刃,Fighter,战士,3,3,199.67,164,200,235.5,212,97,103,272.5
11,high,40,Janna,风暴之怒,Support,辅助,1,1,171,171,171,171,73,73,73,73
11,high,777,Yone,封魔剑魂,Fighter,战士,1,1,333,333,333,333,292,292,292,292
11,high,201,Braum,弗雷尔卓德之心,Tank,坦克,3,3,583.67,395,445,703,397.33,248,345,520.5
11,high,13,Ryze,符文法师,Mage,法师,4,4,138.5,115.25,138.5,161.75,91.5,75,84,100.5
11,high,63,Brand,复仇焰魂,Mage,法师,10,10,154.8,136,162,173.25,85.8,73,76,93.75
11,high,429,Kalista,复仇之矛,Marksman,射手,4,4,217,169,174.5,222.5,170.75,133,154.5,192.25
11,high,99,Lux,光辉女郎,Mage,法师,5,5,194.8,125,175,205,154,73,73,103
11,high,7,Leblanc,诡术妖姬,Assassin,刺客,2,2,163.5,136.75,163.5,190.25,99,86,99,112
11,high,420,Illaoi,海兽祭司,Fighter,战士,4,4,243.5,186.5,249.5,306.5,164.5,137.5,179.5,206.5
11,high,41,Gangplank,海洋之灾,Fighter,战士,9,8,201.78,131,169,175,163,91,103,191
11,high,876,Lillia,含羞蓓蕾,Fighter,战士,2,2,173,171.5,173,174.5,102.5,94.25,102.5,110.75
11,high,22,Ashe,寒冰射手,Marksman,射手,7,6,179,121,121,217.5,141.57,73,109,181.5
11,high,223,TahmKench,河流之王,Tank,坦克,2,2,264,249,264,279,176,171,176,181
11,high,1,Annie,黑暗之女,Mage,法师,6,6,167.67,154.25,158,172.25,110,73,95.5,129.25
11,high,497,Rakan,幻翎,Support,辅助,2,2,329.5,231.25,329.5,427.75,126,108.5,126,143.5
11,high,267,Nami,唤潮鲛姬,Support,辅助,4,4,187.25,167.5,178.5,198.25,110.25,100,106,116.25
11,high,58,Renekton,荒漠屠夫,Fighter,战士,4,4,157.5,153,155,159.5,102.5,98,99,103.5
11,high,805,Locke,灰烬驱魔人,Assassin,刺客,6,6,163.83,156.75,174,174,107.17,91,97,116.5
11,high,412,Thresh,魂锁典狱长,Support,辅助,5,5,379.4,317,389,462,194.4,119,124,242
11,high,68,Rumble,机械公敌,Fighter,战士,5,5,216,136,136,186,158.6,79,119,124
11,high,157,Yasuo,疾风剑豪,Fighter,战士,10,10,196,142,183,221.75,140.6,96.5,126.5,164.5
11,high,131,Diana,皎月女神,Fighter,战士,3,3,142.33,137,149,151,105.67,99.5,108,113
11,high,517,Sylas,解脱者,Mage,法师,13,12,162,145,145,157,113.92,103,113,118
11,high,143,Zyra,荆棘之兴,Mage,法师,6,6,138.17,119.75,134.5,154.5,81,73,78,86
11,high,103,Ahri,九尾妖狐,Mage,法师,6,6,179.33,110.75,137.5,159,150.17,73.75,94.5,116.75
11,high,79,Gragas,酒桶,Fighter,战士,7,7,265.86,168.5,178,360,205,117.5,161,293
11,high,48,Trundle,巨魔之王,Fighter,战士,4,3,311.5,213.5,248,346,182.75,104.5,169,247.25
11,high,4,TwistedFate,卡牌大师,Mage,法师,5,5,152.8,133,145,166,112.2,102,103,124
11,high,85,Kennen,狂暴之心,Mage,法师,3,3,175,167,179,185,81.67,79,85,86
11,high,233,Briar,狂厄蔷薇,Fighter,战士,11,10,178.27,153.5,177,213,149.36,132,156,159.5
11,high,76,Nidalee,狂野女猎手,Assassin,刺客,2,2,209.5,202.25,209.5,216.75,181.5,153.75,181.5,209.25
11,high,2,Olaf,狂战士,Fighter,战士,4,4,208,178.5,208,237.5,124.5,111,117,130.5
11,high,84,Akali,离群之刺,Assassin,刺客,3,3,159.67,123,123,178,132.33,96,96,150.5
11,high,888,Renata,炼金男爵,Support,辅助,9,8,215.11,173,197,290,147,73,123,239
11,high,27,Singed,炼金术士,Tank,坦克,6,6,254.83,191,261.5,326,209,144,229.5,270
11,high,887,Gwen,灵罗娃娃,Fighter,战士,2,2,266.5,204.25,266.5,328.75,215,153,215,277
11,high,800,Mel,流光镜影,Mage,法师,5,5,139,125,133,155,96,91,100,103
11,high,102,Shyvana,龙血武姬,Fighter,战士,9,9,295.33,256,269,362,231.44,180,191,288
11,high,18,Tristana,麦林炮手,Marksman,射手,8,8,144.88,115,121,170.5,90.25,71,71,86.75
11,high,23,Tryndamere,蛮族之王,Fighter,战士,4,4,160.5,144,153,169.5,116.5,100,109,125.5
11,high,64,LeeSin,盲僧,Fighter,战士,14,11,181.36,133,153.5,202,136.64,91,96,165.5
11,high,150,Gnar,迷失之牙,Fighter,战士,1,1,116,116,116,116,77,77,77,77
11,high,902,Milio,明烛,Support,辅助,3,3,234,163.5,176,275.5,137,115.5,128,154
11,high,350,Yuumi,魔法猫咪,Support,辅助,11,11,159.36,113,138,153,108.45,64,99,119
11,high,69,Cassiopeia,魔蛇之拥,Mage,法师,8,8,146,121,138.5,156.25,102.25,84.75,98,110.5
11,high,83,Yorick,牧魂人,Fighter,战士,4,4,222.5,142,214.5,295,112.25,91,112,133.25
11,high,142,Zoe,暮光星灵,Mage,法师,3,3,190.33,142,167,227,129.67,73,73,158
11,high,98,Shen,暮光之眼,Tank,坦克,4,4,306.25,199.25,224.5,331.5,213,162.75,174,224.25
11,high,897,KSante,纳祖芒荣耀,Tank,坦克,7,7,385.86,260,284,534.5,346.71,196.5,365,499.5
11,high,498,Xayah,逆羽,Marksman,射手,4,4,164,113,143,194,107.5,102.25,112.5,117.75
11,high,12,Alistar,牛头酋长,Tank,坦克,9,8,358,252,330,445,173.22,141,153,201
11,high,57,Maokai,扭曲树精,Tank,坦克,3,3,426.33,417.5,436,440,258,229.5,248,281.5
11,high,50,Swain,诺克萨斯统领,Mage,法师,9,8,180.67,133,156,208,119.22,78,90,120
11,high,122,Darius,诺克萨斯之手,Fighter,战士,8,8,294.63,182.5,225,380.75,190.5,118,128.5,286.75
11,high,33,Rammus,披甲龙龟,Tank,坦克,5,5,446.8,373,423,435,288.4,241,294,324
11,high,51,Caitlyn,皮城女警,Marksman,射手,7,7,136.43,123,123,129,74.29,73,73,73
11,high,254,Vi,皮城执法官,Fighter,战士,6,6,143.17,130,136,142,104.17,91,97,112.75
11,high,234,Viego,破败之王,Fighter,战士,8,8,201.38,162,190.5,238,105.25,91,106,116.5
11,high,62,MonkeyKing,齐天大圣,Fighter,战士,3,3,230,218.5,247,250,122.67,93,99,140.5
11,high,37,Sona,琴瑟仙女,Support,辅助,14,14,164.14,122.25,167.5,182.25,98.64,76,98,108
11,high,164,Camille,青钢影,Fighter,战士,2,2,235.5,223.75,235.5,247.25,149.5,126.25,149.5,172.75
11,high,119,Draven,荣耀行刑官,Marksman,射手,3,3,266,233.5,281,306,125.67,81,85,150
11,high,54,Malphite,熔岩巨兽,Tank,坦克,5,5,660.4,557,569,851,165.8,122,172,172
11,high,526,Rell,镕铁少女,Tank,坦克,6,6,412.83,359.75,397,507.75,325.17,184.75,296,455.25
11,high,268,Azir,沙漠皇帝,Mage,法师,6,6,168,137.75,174.5,176,83.33,73,73,84.25
11,high,360,Samira,沙漠玫瑰,Marksman,射手,3,3,225.33,186,231,267.5,148.67,129.5,182,184.5
11,high,75,Nasus,沙漠死神,Fighter,战士,4,4,256.25,219.5,260.5,297.25,165,136.75,163.5,191.75
11,high,516,Ornn,山隐之焰,Tank,坦克,11,11,497.55,377,482,573,410.09,269.5,389,494.5
11,high,32,Amumu,殇之木乃伊,Tank,坦克,3,3,277,244.5,267,304.5,189.67,146,171,224
11,high,21,MissFortune,赏金猎人,Marksman,射手,4,4,113,110,110,113,76,73,73,76
11,high,72,Skarner,上古领主,Tank,坦克,2,2,227.5,178.75,227.5,276.25,259.5,217.75,259.5,301.25
11,high,111,Nautilus,深海泰坦,Tank,坦克,7,7,344,291,367,403,218.57,177.5,241,253
11,high,96,KogMaw,深渊巨口,Marksman,射手,2,2,126.5,121.25,126.5,131.75,83.5,78.25,83.5,88.75
11,high,154,Zac,生化魔人,Tank,坦克,2,2,301,278.5,301,323.5,228.5,219.75,228.5,237.25
11,high,78,Poppy,圣锤之毅,Tank,坦克,6,6,263.17,254,271,294.75,202.17,132.5,181.5,241
11,high,236,Lucian,圣枪游侠,Marksman,射手,11,11,137.55,116,128,135,98.36,73,77,112.5
11,high,26,Zilean,时光守护者,Support,辅助,2,2,158,145.5,158,170.5,76,76,76,76
11,high,245,Ekko,时间刺客,Assassin,刺客,3,3,213,167,210,257.5,140.67,109,127,165.5
11,high,77,Udyr,兽灵行者,Fighter,战士,4,4,355,191.75,219,382.25,215.5,128.5,156.5,243.5
11,high,89,Leona,曙光女神,Tank,坦克,4,4,516,446.5,540,609.5,246,159.75,187,273.25
11,high,893,Aurora,双界灵兔,Mage,法师,3,3,149.33,141,166,166,75,75,75,75
11,high,30,Karthus,死亡颂唱者,Mage,法师,4,4,159.25,150.75,164.5,173,79,73,73,79
11,high,81,Ezreal,探险家,Marksman,射手,16,16,146.25,115,127.5,143,102.63,77,89,103
11,high,43,Karma,天启者,Mage,法师,2,2,319,265.5,319,372.5,269,222.5,269,315.5
11,high,82,Mordekaiser,铁铠冥魂,Fighter,战士,11,11,253.18,157,226,294.5,180.82,101.5,138,216
11,high,799,Ambessa,铁血狼母,Fighter,战士,5,5,145.8,138,138,153,98.8,91,91,106
11,high,28,Evelynn,痛苦之拥,Assassin,刺客,4,4,170.5,137,152,185.5,131.75,113.5,126,144.25
11,high,44,Taric,瓦洛兰之盾,Support,辅助,4,4,346,214.75,277,408.25,320.75,173.75,266,413
11,high,518,Neeko,万花通灵,Mage,法师,2,2,162.5,143.75,162.5,181.25,88,80.5,88,95.5
11,high,875,Sett,腕豪,Fighter,战士,11,11,200.27,156.5,195,244.5,141.18,125.5,143,156
11,high,14,Sion,亡灵战神,Tank,坦克,5,5,215,158,210,263,156.4,121,151,173
11,high,126,Jayce,未来守护者,Fighter,战士,7,7,134.43,123,123,129,95.14,73,73,116.5
11,high,29,Twitch,瘟疫之源,Marksman,射手,7,7,127.86,112,124,144,104.71,101.5,107,110.5
11,high,11,MasterYi,无极剑圣,Fighter,战士,9,8,142.44,130,130,130,100.67,91,91,91
11,high,114,Fiora,无双剑姬,Fighter,战士,9,9,227,190,214,252,186.44,103,175,228
11,high,6,Urgot,无畏战车,Fighter,战士,2,2,376,264,376,488,364.5,225.25,364.5,503.75
11,high,24,Jax,武器大师,Fighter,战士,5,5,203.6,190,198,209,145.4,124,126,161
11,high,202,Jhin,戏命师,Marksman,射手,8,7,133,120,126,147,91,82,86.5,88.75
11,high,117,Lulu,仙灵女巫,Support,辅助,3,3,248.33,208.5,271,299.5,210.67,175.5,238,259.5
11,high,45,Veigar,邪恶小法师,Mage,法师,4,4,176,172,176,180,76.5,75,76.5,78
11,high,432,Bard,星界游神,Support,辅助,2,2,295.5,215.25,295.5,375.75,207,140,207,274
11,high,147,Seraphine,星籁歌姬,Support,辅助,2,2,135,130.5,135,139.5,116.5,109.75,116.5,123.25
11,high,8,Vladimir,猩红收割者,Mage,法师,3,3,157.67,147,177,178,112,79,85,131.5
11,high,421,RekSai,虚空遁地兽,Fighter,战士,9,8,241.44,169,222,307,186.89,103,160,300
11,high,31,Chogath,虚空恐惧,Tank,坦克,6,6,301.67,272.5,284.5,338.5,202.67,150,192.5,226.75
11,high,121,Khazix,虚空掠夺者,Assassin,刺客,6,6,165.17,130.75,152.5,169.75,156.67,103.75,109,199.75
11,high,200,Belveth,虚空女皇,Fighter,战士,14,14,260.64,195.5,220.5,264.75,215,126,144.5,235.75
11,high,90,Malzahar,虚空先知,Mage,法师,3,3,187.33,164,164,199,113,73,73,133
11,high,38,Kassadin,虚空行者,Assassin,刺客,4,4,154,147.5,163.5,170,81.5,77,78.5,83
11,high,145,Kaisa,虚空之女,Marksman,射手,5,5,145.2,113,113,134,112.2,73,73,94
11,high,161,Velkoz,虚空之眼,Mage,法师,3,3,138,130,142,148,105.67,91,109,122
11,high,20,Nunu,雪原双子,Tank,坦克,4,4,253.75,200.5,251,304.25,234.5,222.25,250.5,262.75
11,high,555,Pyke,血港鬼影,Support,辅助,7,7,141.57,137,137,142,98.71,91,91,103
11,high,17,Teemo,迅捷斥候,Marksman,射手,4,4,165.25,139.5,161,186.75,98.25,95.5,104,106.75
11,high,163,Taliyah,岩雀,Mage,法师,2,2,179,171.5,179,186.5,93.5,82.25,93.5,104.75
11,high,910,Hwei,异画师,Mage,法师,4,4,145,122.25,132.5,155.25,97.5,75.25,81.5,103.75
11,high,42,Corki,英勇投弹手,Marksman,射手,2,2,122,121,122,123,75,74,75,76
11,high,141,Kayn,影流之镰,Fighter,战士,5,5,189,147,180,207,139,91,103,103
11,high,238,Zed,影流之主,Assassin,刺客,1,1,180,180,180,180,136,136,136,136
11,high,166,Akshan,影哨,Marksman,射手,6,6,143,122,128,160.25,92.33,76,85,109.75
11,high,56,Nocturne,永恒梦魇,Fighter,战士,4,4,222.75,182.5,212,252.25,143.5,110,150.5,184
11,high,203,Kindred,永猎双子,Marksman,射手,4,4,125,125,125,125,93,73,93,113
11,high,246,Qiyana,元素女皇,Assassin,刺客,4,4,170.25,137,160,193.25,130.75,115,127.5,143.25
11,high,9,FiddleSticks,远古恐惧,Mage,法师,8,8,185.88,146.5,198,218.25,100.13,73,87.5,103
11,high,101,Xerath,远古巫灵,Mage,法师,1,1,118,118,118,118,73,73,73,73
11,high,15,Sivir,战争女神,Marksman,射手,4,4,154.75,135.25,139,158.5,110.25,86.5,92,115.75
11,high,120,Hecarim,战争之影,Fighter,战士,9,9,226.89,186,214,254,166,116,136,226
11,high,53,Blitzcrank,蒸汽机器人,Tank,坦克,12,12,266.5,167,208.5,284.5,163.75,121,123.5,157.5
11,high,3,Galio,正义巨像,Tank,坦克,9,9,262.33,189,280,326,231.33,146,196,304
11,high,10,Kayle,正义天使,Mage,法师,6,6,140.17,114,124.5,157.5,105.33,68.75,103,141
11,high,60,Elise,蜘蛛女皇,Assassin,刺客,4,4,144,134.25,147,156.75,100,73,91,118
11,high,16,Soraka,众星之子,Support,辅助,6,6,258.33,180.75,205.5,299.25,201.67,126,184,245
11,high,136,AurelionSol,铸星龙王,Mage,法师,6,6,176.33,113,144,245.5,123,73,85,168.25
11,high,221,Zeri,祖安花火,Marksman,射手,3,3,132,119.5,127,142,93,80.5,88,103
11,high,36,DrMundo,祖安狂人,Tank,坦克,5,5,306.6,257,298,383,261.2,243,256,325
11,high,19,Warwick,祖安怒兽,Fighter,战士,3,3,161.67,141,154,178.5,135.33,120,131,148.5
12,high,134,Syndra,暗黑元首,Mage,法师,3,3,216.33,151,162,254.5,141,83.5,91,173.5
12,high,67,Vayne,暗夜猎手,Marksman,射手,12,12,200.33,140.75,170,243.5,143.33,103.75,122,154.75
12,high,266,Aatrox,暗裔剑魔,Fighter,战士,3,3,239.67,194.5,242,286,171.67,119,144,210.5
12,high,107,Rengar,傲之追猎者,Assassin,刺客,8,7,153.25,133,148,175.75,101.13,94,94,97.75
12,high,112,Viktor,奥术先驱,Mage,法师,5,5,213.6,121,136,171,167.4,76,76,91
12,high,950,Naafiri,百裂冥犬,Assassin,刺客,7,7,220.86,140,157,238,187.86,100,124,238
12,high,240,Kled,暴怒骑士,Fighter,战士,4,4,232,177,240.5,295.5,89.25,62,85.5,112.75
12,high,222,Jinx,暴走萝莉,Marksman,射手,4,3,170.25,141.25,164.5,193.5,102.75,85,99.5,117.25
12,high,115,Ziggs,爆破鬼才,Mage,法师,3,3,150.67,124,124,164,91,83.5,91,98.5
12,high,113,Sejuani,北地之怒,Tank,坦克,3,3,823.67,790.5,857,873.5,407.33,353,391,453.5
12,high,34,Anivia,冰晶凤凰,Mage,法师,1,1,162,162,162,162,76,76,76,76
12,high,127,Lissandra,冰霜女巫,Mage,法师,1,1,164,164,164,164,123,123,123,123
12,high,895,Nilah,不羁之悦,Fighter,战士,2,2,201,163.5,201,238.5,146,120,146,172
12,high,904,Zaahen,不落魔锋,Fighter,战士,1,1,179,179,179,179,94,94,94,94
12,high,106,Volibear,不灭狂雷,Fighter,战士,2,2,216.5,175.25,216.5,257.75,184,181.5,184,186.5
12,high,804,Yunara,不破之誓,Marksman,射手,7,7,199.86,123,123,249,170.57,89.5,116,230.5
12,high,80,Pantheon,不屈之枪,Fighter,战士,3,3,189.33,164.5,177,208,117.33,103.5,117,131
12,high,55,Katarina,不祥之刃,Assassin,刺客,6,6,202.67,170,183.5,217.25,151.5,118.5,123.5,166
12,high,523,Aphelios,残月之肃,Marksman,射手,4,4,179.25,124,162.5,217.75,136.75,79,105,162.75
12,high,105,Fizz,潮汐海灵,Assassin,刺客,4,4,312.5,141,213,384.5,281.75,103,189,367.75
12,high,110,Varus,惩戒之箭,Marksman,射手,5,5,156,120,128,128,115.8,88,91,103
12,high,901,Smolder,炽炎雏龙,Marksman,射手,12,12,160.25,116,146,158.75,130.92,76,100,152.75
12,high,711,Vex,愁云使者,Mage,法师,2,2,214.5,183.25,214.5,245.75,89,81.5,89,96.5
12,high,427,Ivern,翠神,Support,辅助,2,2,219,199.5,219,238.5,183.5,154.75,183.5,212.25
12,high,74,Heimerdinger,大发明家,Mage,法师,3,3,168.33,145,176,195.5,85,82,88,89.5
12,high,39,Irelia,刀锋舞者,Fighter,战士,1,1,323,323,323,323,272,272,272,272
12,high,91,Talon,刀锋之影,Assassin,刺客,6,6,185.5,149.75,174.5,215,136.83,101,134,170.75
12,high,5,XinZhao,德邦总管,Fighter,战士,6,6,238.5,170.5,199.5,268.25,253,129,231.5,386.5
12,high,59,JarvanIV,德玛西亚皇子,Fighter,战士,3,3,318.33,280,309,352,211,194,232,238.5
12,high,86,Garen,德玛西亚之力,Fighter,战士,6,6,235,210.75,237,257.25,202,123,145,220.25
12,high,133,Quinn,德玛西亚之翼,Marksman,射手,5,5,193.2,161,178,232,156,106,123,209
12,high,235,Senna,涤魂圣枪,Support,辅助,4,4,176.75,129,138,185.75,160.5,88,112,184.5
12,high,25,Morgana,堕落天使,Support,辅助,4,4,142,129,133,146,90,85,88,93
12,high,35,Shaco,恶魔小丑,Assassin,刺客,5,5,167,126,171,206,113.6,94,124,124
12,high,61,Orianna,发条魔灵,Mage,法师,2,2,159.5,152.25,159.5,166.75,116,109,116,123
12,high,104,Graves,法外狂徒,Marksman,射手,10,10,210.2,145.25,183,211,154.3,86.5,118,148.75
12,high,92,Riven,放逐之刃,Fighter,战士,3,3,215,171,207,255,230.33,100,106,298.5
12,high,40,Janna,风暴之怒,Support,辅助,1,1,203,203,203,203,111,111,111,111
12,high,777,Yone,封魔剑魂,Fighter,战士,1,1,340,340,340,340,296,296,296,296
12,high,201,Braum,弗雷尔卓德之心,Tank,坦克,3,3,434.33,411,469,475,275,232,310,335.5
12,high,13,Ryze,符文法师,Mage,法师,2,2,142,129.5,142,154.5,78,78,78,78
12,high,63,Brand,复仇焰魂,Mage,法师,7,7,162.86,154.5,169,175,98.29,76,94,109
12,high,429,Kalista,复仇之矛,Marksman,射手,3,3,200.33,189,192,207.5,152,126.5,177,190
12,high,99,Lux,光辉女郎,Mage,法师,5,5,239.6,133,183,256,186.4,76,76,112
12,high,7,Leblanc,诡术妖姬,Assassin,刺客,1,1,224,224,224,224,128,128,128,128
12,high,420,Illaoi,海兽祭司,Fighter,战士,3,3,221,179,210,257.5,153.67,125,156,183.5
12,high,41,Gangplank,海洋之灾,Fighter,战士,9,8,220.33,150,176,202,180,106,130,239
12,high,876,Lillia,含羞蓓蕾,Fighter,战士,1,1,222,222,222,222,122,122,122,122
12,high,22,Ashe,寒冰射手,Marksman,射手,4,4,231.25,155,199,275.25,170,103,172,239
12,high,223,TahmKench,河流之王,Tank,坦克,1,1,301,301,301,301,189,189,189,189
12,high,1,Annie,黑暗之女,Mage,法师,6,6,180.5,161.25,174,184.5,142.83,87.25,128.5,193
12,high,497,Rakan,幻翎,Support,辅助,1,1,141,141,141,141,94,94,94,94
12,high,267,Nami,唤潮鲛姬,Support,辅助,3,3,181.33,174,177,186.5,119.67,109,112,126.5
12,high,58,Renekton,荒漠屠夫,Fighter,战士,4,4,181,161,163,183,108.75,101.25,102,109.5
12,high,805,Locke,灰烬驱魔人,Assassin,刺客,3,3,185,181,181,187,108,100,106,115
12,high,412,Thresh,魂锁典狱长,Support,辅助,3,3,436,381,510,528,114,107,122,125
12,high,68,Rumble,机械公敌,Fighter,战士,5,5,229.6,143,143,193,168.4,82,122,127
12,high,157,Yasuo,疾风剑豪,Fighter,战士,5,5,214.6,171,217,250,158.2,131,136,136
12,high,131,Diana,皎月女神,Fighter,战士,2,2,145.5,138.75,145.5,152.25,160.5,127.25,160.5,193.75
12,high,517,Sylas,解脱者,Mage,法师,2,2,210,195,210,225,127.5,127.25,127.5,127.75
12,high,143,Zyra,荆棘之兴,Mage,法师,2,2,129.5,126.75,129.5,132.25,81,78.5,81,83.5
12,high,103,Ahri,九尾妖狐,Mage,法师,4,4,141,116,141,166,97.25,76,96,117.25
12,high,79,Gragas,酒桶,Fighter,战士,2,2,281.5,246.25,281.5,316.75,371,367,371,375
12,high,48,Trundle,巨魔之王,Fighter,战士,4,3,321,227.25,260,353.75,187.5,111.25,175,251.25
12,high,4,TwistedFate,卡牌大师,Mage,法师,1,1,164,164,164,164,109,109,109,109
12,high,85,Kennen,狂暴之心,Mage,法师,2,2,181.5,172.75,181.5,190.25,89.5,88.75,89.5,90.25
12,high,233,Briar,狂厄蔷薇,Fighter,战士,9,8,209.67,183,220,227,173.22,141,160,200
12,high,76,Nidalee,狂野女猎手,Assassin,刺客,1,1,212,212,212,212,134,134,134,134
12,high,2,Olaf,狂战士,Fighter,战士,3,3,273.33,245,294,312,150,135,156,168
12,high,84,Akali,离群之刺,Assassin,刺客,3,3,192.33,155,180,223.5,144.67,99,99,167.5
12,high,888,Renata,炼金男爵,Support,辅助,6,5,223.67,181.25,194.5,243.75,154.5,106.5,133.5,187.5
12,high,27,Singed,炼金术士,Tank,坦克,3,3,334.33,287.5,340,384,206,130,136,247
12,high,887,Gwen,灵罗娃娃,Fighter,战士,2,2,274,212,274,336,218.5,156.25,218.5,280.75
12,high,800,Mel,流光镜影,Mage,法师,2,2,148,140.5,148,155.5,91,83.5,91,98.5
12,high,102,Shyvana,龙血武姬,Fighter,战士,7,7,312,272.5,288,353.5,236.14,192,207,258
12,high,18,Tristana,麦林炮手,Marksman,射手,7,7,164.43,122,134,184,104.29,74,74,99.5
12,high,23,Tryndamere,蛮族之王,Fighter,战士,4,4,178.25,154,160,184.25,130.5,106,112.5,137
12,high,64,LeeSin,盲僧,Fighter,战士,11,9,213.18,140,170,278,164,94,134,224.5
12,high,150,Gnar,迷失之牙,Fighter,战士,1,1,122,122,122,122,80,80,80,80
12,high,902,Milio,明烛,Support,辅助,2,2,260.5,239.25,260.5,281.75,156,151,156,161
12,high,350,Yuumi,魔法猫咪,Support,辅助,11,11,168.45,120,145,160,114.18,80.5,102,112
12,high,69,Cassiopeia,魔蛇之拥,Mage,法师,1,1,133,133,133,133,90,90,90,90
12,high,83,Yorick,牧魂人,Fighter,战士,3,3,316,306,321,328.5,112.67,100,106,122
12,high,142,Zoe,暮光星灵,Mage,法师,2,2,234.5,204.25,234.5,264.75,161,118.5,161,203.5
12,high,98,Shen,暮光之眼,Tank,坦克,4,4,294.5,224.25,237.5,307.75,205.5,167.25,206,244.25
12,high,897,KSante,纳祖芒荣耀,Tank,坦克,7,7,467.14,283,328,639.5,399.29,284.5,398,503.5
12,high,498,Xayah,逆羽,Marksman,射手,3,3,183,142.5,165,214.5,102.33,95.5,115,115.5
12,high,12,Alistar,牛头酋长,Tank,坦克,9,8,375,259,337,453,186.67,121,156,234
12,high,57,Maokai,扭曲树精,Tank,坦克,3,3,408.33,385.5,445,449.5,244.33,206.5,214,267
12,high,50,Swain,诺克萨斯统领,Mage,法师,8,7,220.25,158,171.5,289.25,146.75,98.25,140.5,163
12,high,122,Darius,诺克萨斯之手,Fighter,战士,5,5,387.6,234,338,572,254.2,138,279,323
12,high,33,Rammus,披甲龙龟,Tank,坦克,4,4,420.5,411.75,441.5,450.25,284,258.75,271,296.25
12,high,51,Caitlyn,皮城女警,Marksman,射手,4,4,152.5,130,130,152.5,79.75,76,76,79.75
12,high,254,Vi,皮城执法官,Fighter,战士,5,5,141.8,137,137,149,104.8,94,94,106
12,high,234,Viego,破败之王,Fighter,战士,7,7,219.43,177.5,242,254.5,117.14,100,113,128.5
12,high,62,MonkeyKing,齐天大圣,Fighter,战士,3,3,238,227,256,258,126.33,96,102,144.5
12,high,37,Sona,琴瑟仙女,Support,辅助,6,6,194.33,162.25,186,196.25,115.5,111,111,122.25
12,high,164,Camille,青钢影,Fighter,战士,2,2,280,279.5,280,280.5,190,148,190,232
12,high,119,Draven,荣耀行刑官,Marksman,射手,3,3,273.33,241,289,313.5,128.67,84,88,153
12,high,54,Malphite,熔岩巨兽,Tank,坦克,4,4,637.25,550.5,585,671.75,167.5,116.25,150,201.25
12,high,526,Rell,镕铁少女,Tank,坦克,5,5,451.6,236,548,561,365.6,186,201,609
12,high,268,Azir,沙漠皇帝,Mage,法师,5,5,189.2,181,184,184,93.2,76,76,115
12,high,360,Samira,沙漠玫瑰,Marksman,射手,3,3,248,216.5,285,298,164,135,190,206
12,high,75,Nasus,沙漠死神,Fighter,战士,3,3,269.33,226.5,285,320,175.33,142,178,210
12,high,516,Ornn,山隐之焰,Tank,坦克,10,10,565.2,492.75,538,647.25,438.9,283.75,436,530.5
12,high,32,Amumu,殇之木乃伊,Tank,坦克,2,2,257.5,211.75,257.5,303.25,130.5,127.25,130.5,133.75
12,high,21,MissFortune,赏金猎人,Marksman,射手,3,3,117,117,117,117,76,76,76,76
12,high,72,Skarner,上古领主,Tank,坦克,1,1,137,137,137,137,179,179,179,179
12,high,111,Nautilus,深海泰坦,Tank,坦克,8,8,371,315.75,355,403.75,240.38,181.75,252.5,311.75
12,high,154,Zac,生化魔人,Tank,坦克,1,1,354,354,354,354,249,249,249,249
12,high,78,Poppy,圣锤之毅,Tank,坦克,4,4,260,235,264.5,289.5,156.25,127,146,175.25
12,high,236,Lucian,圣枪游侠,Marksman,射手,5,5,165,135,135,172,122.6,88,120,128
12,high,245,Ekko,时间刺客,Assassin,刺客,3,3,242.33,174,217,298,146.67,112,130,173
12,high,77,Udyr,兽灵行者,Fighter,战士,3,3,410.33,185.5,233,546.5,233.67,119,144,303.5
12,high,89,Leona,曙光女神,Tank,坦克,3,3,552.67,488.5,660,670.5,310.33,236.5,314,386
12,high,893,Aurora,双界灵兔,Mage,法师,1,1,123,123,123,123,78,78,78,78
12,high,30,Karthus,死亡颂唱者,Mage,法师,3,3,180.33,171.5,174,186,89,83.5,91,95.5
12,high,81,Ezreal,探险家,Marksman,射手,11,11,163.45,119,149,165,108.55,78,92,115
12,high,43,Karma,天启者,Mage,法师,1,1,466,466,466,466,396,396,396,396
12,high,82,Mordekaiser,铁铠冥魂,Fighter,战士,10,10,262.1,169,214.5,304.5,192.6,118.75,157.5,220.25
12,high,799,Ambessa,铁血狼母,Fighter,战士,5,5,183.8,146,161,170,131.8,94,109,118
12,high,28,Evelynn,痛苦之拥,Assassin,刺客,3,3,192,159,174,216,137.33,109,124,159
12,high,44,Taric,瓦洛兰之盾,Support,辅助,4,4,426.5,234.75,366.5,558.25,353.25,188.75,270,434.5
12,high,875,Sett,腕豪,Fighter,战士,6,6,234.33,190,248.5,275.5,156.17,141.25,150,162.5
12,high,14,Sion,亡灵战神,Tank,坦克,3,3,227.33,206,247,258.5,203,180,236,242.5
12,high,126,Jayce,未来守护者,Fighter,战士,5,5,141.8,131,131,143,101.8,76,76,133
12,high,29,Twitch,瘟疫之源,Marksman,射手,5,5,146.6,149,153,154,103.6,106,110,111
12,high,11,MasterYi,无极剑圣,Fighter,战士,7,7,153.86,137,137,155,100.86,94,94,100
12,high,114,Fiora,无双剑姬,Fighter,战士,8,8,265.5,210.5,256.5,316.25,247.25,149.75,239.5,329.75
12,high,6,Urgot,无畏战车,Fighter,战士,2,2,446.5,304.25,446.5,588.75,370.5,232.25,370.5,508.75
12,high,24,Jax,武器大师,Fighter,战士,4,4,308.5,214.75,235.5,329.25,263,155.5,267,374.5
12,high,202,Jhin,戏命师,Marksman,射手,6,5,150.67,133.75,154,157,101.5,88,88,90.25
12,high,117,Lulu,仙灵女巫,Support,辅助,1,1,302,302,302,302,265,265,265,265
12,high,45,Veigar,邪恶小法师,Mage,法师,1,1,180,180,180,180,78,78,78,78
12,high,432,Bard,星界游神,Support,辅助,1,1,480,480,480,480,356,356,356,356
12,high,147,Seraphine,星籁歌姬,Support,辅助,1,1,133,133,133,133,133,133,133,133
12,high,8,Vladimir,猩红收割者,Mage,法师,3,3,164.67,154,184,185,115,82,88,134.5
12,high,421,RekSai,虚空遁地兽,Fighter,战士,6,6,267,176.5,280,349.75,206.67,119.5,202,289
12,high,31,Chogath,虚空恐惧,Tank,坦克,6,6,324.83,284.25,324.5,361.75,221.17,178.75,220.5,239
12,high,121,Khazix,虚空掠夺者,Assassin,刺客,6,6,173.17,137.75,163,177.75,161,106.75,115,205
12,high,200,Belveth,虚空女皇,Fighter,战士,12,12,271.5,209.75,236,292,212.25,127.75,158.5,193
12,high,90,Malzahar,虚空先知,Mage,法师,3,3,194.67,171,171,206.5,149.33,76,76,186
12,high,38,Kassadin,虚空行者,Assassin,刺客,2,2,145,131,145,159,81,80.5,81,81.5
12,high,145,Kaisa,虚空之女,Marksman,射手,5,5,167.4,120,153,156,130.4,76,109,112
12,high,161,Velkoz,虚空之眼,Mage,法师,3,3,152,143,161,165.5,121.67,94,112,144.5
12,high,20,Nunu,雪原双子,Tank,坦克,3,3,274,250.5,293,307,224,206.5,259,259
12,high,555,Pyke,血港鬼影,Support,辅助,3,3,153.67,144,144,158.5,110.33,103.5,113,118.5
12,high,17,Teemo,迅捷斥候,Marksman,射手,2,2,146.5,142.75,146.5,150.25,91,83.5,91,98.5
12,high,163,Taliyah,岩雀,Mage,法师,2,2,186,178.5,186,193.5,96.5,85.25,96.5,107.75
12,high,910,Hwei,异画师,Mage,法师,1,1,200,200,200,200,141,141,141,141
12,high,42,Corki,英勇投弹手,Marksman,射手,2,2,150,140.5,150,159.5,99,89.5,99,108.5
12,high,141,Kayn,影流之镰,Fighter,战士,5,5,196,154,187,214,142.2,94,106,106
12,high,238,Zed,影流之主,Assassin,刺客,1,1,187,187,187,187,139,139,139,139
12,high,166,Akshan,影哨,Marksman,射手,6,6,152,132,141,167.25,97.33,79,88,114.25
12,high,56,Nocturne,永恒梦魇,Fighter,战士,2,2,298,281,298,315,213.5,207.25,213.5,219.75
12,high,203,Kindred,永猎双子,Marksman,射手,4,4,137.5,132,137,142.5,101.5,87.5,102,116
12,high,246,Qiyana,元素女皇,Assassin,刺客,2,2,190.5,174.75,190.5,206.25,129.5,123.75,129.5,135.25
12,high,9,FiddleSticks,远古恐惧,Mage,法师,7,7,190.86,150.5,187,230.5,107,76,94,117.5
12,high,101,Xerath,远古巫灵,Mage,法师,1,1,125,125,125,125,76,76,76,76
12,high,15,Sivir,战争女神,Marksman,射手,2,2,140,137,140,143,94,91,94,97
12,high,120,Hecarim,战争之影,Fighter,战士,5,5,226.8,211,222,249,176.8,130,168,191
12,high,53,Blitzcrank,蒸汽机器人,Tank,坦克,9,9,278.33,179,231,274,174.33,124,129,175
12,high,3,Galio,正义巨像,Tank,坦克,7,7,338.43,305.5,342,352,288.14,224,325,330
12,high,10,Kayle,正义天使,Mage,法师,5,5,158.2,142,151,171,128.4,129,143,149
12,high,60,Elise,蜘蛛女皇,Assassin,刺客,3,3,188.33,165.5,166,200,140.67,130,148,155
12,high,16,Soraka,众星之子,Support,辅助,6,6,282.83,203.5,250.5,313.25,213.83,148.5,208,248.75
12,high,136,AurelionSol,铸星龙王,Mage,法师,5,5,222,138,164,307,142.4,76,100,217
12,high,221,Zeri,祖安花火,Marksman,射手,3,3,174,149,164,194,96,83.5,91,106
12,high,36,DrMundo,祖安狂人,Tank,坦克,5,5,316,265,370,391,248.6,178,243,330
12,high,19,Warwick,祖安怒兽,Fighter,战士,3,3,169,148.5,162,186,138.67,123.5,134,151.5
13,medium,67,Vayne,暗夜猎手,Marksman,射手,6,6,246.33,150.75,252,326.25,170.17,109.75,158.5,226.75
13,medium,266,Aatrox,暗裔剑魔,Fighter,战士,1,1,147,147,147,147,94,94,94,94
13,medium,107,Rengar,傲之追猎者,Assassin,刺客,5,4,143.4,133,133,140,109.8,94,94,98
13,medium,950,Naafiri,百裂冥犬,Assassin,刺客,4,4,285.75,165.5,177,297.25,257.5,129.5,207.5,335.5
13,medium,240,Kled,暴怒骑士,Fighter,战士,3,3,232,182,227,279.5,125.67,90,112,154.5
13,medium,115,Ziggs,爆破鬼才,Mage,法师,1,1,124,124,124,124,91,91,91,91
13,medium,113,Sejuani,北地之怒,Tank,坦克,1,1,882,882,882,882,249,249,249,249
13,medium,127,Lissandra,冰霜女巫,Mage,法师,1,1,194,194,194,194,153,153,153,153
13,medium,904,Zaahen,不落魔锋,Fighter,战士,1,1,265,265,265,265,169,169,169,169
13,medium,106,Volibear,不灭狂雷,Fighter,战士,1,1,306,306,306,306,193,193,193,193
13,medium,804,Yunara,不破之誓,Marksman,射手,3,3,212.67,141.5,153,254,162.67,92.5,106,204.5
13,medium,80,Pantheon,不屈之枪,Fighter,战士,1,1,152,152,152,152,90,90,90,90
13,medium,55,Katarina,不祥之刃,Assassin,刺客,2,2,242.5,190.75,242.5,294.25,195.5,144.75,195.5,246.25
13,medium,523,Aphelios,残月之肃,Marksman,射手,2,2,128.5,124.75,128.5,132.25,83,79.5,83,86.5
13,medium,105,Fizz,潮汐海灵,Assassin,刺客,5,5,292.4,132,144,290,265,94,106,303
13,medium,110,Varus,惩戒之箭,Marksman,射手,1,1,128,128,128,128,88,88,88,88
13,medium,901,Smolder,炽炎雏龙,Marksman,射手,6,6,183.67,132.5,168.5,197.75,144.5,112,126,143.75
13,medium,5,XinZhao,德邦总管,Fighter,战士,1,1,234,234,234,234,148,148,148,148
13,medium,86,Garen,德玛西亚之力,Fighter,战士,2,2,308,304.5,308,311.5,303.5,225.25,303.5,381.75
13,medium,133,Quinn,德玛西亚之翼,Marksman,射手,2,2,189.5,168.25,189.5,210.75,184.5,138.25,184.5,230.75
13,medium,235,Senna,涤魂圣枪,Support,辅助,1,1,398,398,398,398,426,426,426,426
13,medium,25,Morgana,堕落天使,Support,辅助,3,3,170,158,177,185.5,90,85,91,95.5
13,medium,35,Shaco,恶魔小丑,Assassin,刺客,3,3,163,141.5,157,181.5,100.33,88.5,94,109
13,medium,61,Orianna,发条魔灵,Mage,法师,2,2,163,160,163,166,120,117,120,123
13,medium,104,Graves,法外狂徒,Marksman,射手,3,3,192.33,162,185,219,123,116,137,137
13,medium,201,Braum,弗雷尔卓德之心,Tank,坦克,1,1,970,970,970,970,796,796,796,796
13,medium,13,Ryze,符文法师,Mage,法师,2,2,163,153.5,163,172.5,114,103.5,114,124.5
13,medium,63,Brand,复仇焰魂,Mage,法师,2,2,175,172,175,178,118,103,118,133
13,medium,99,Lux,光辉女郎,Mage,法师,2,2,317,225,317,409,335.5,205.75,335.5,465.25
13,medium,420,Illaoi,海兽祭司,Fighter,战士,2,2,294.5,252.25,294.5,336.75,212.5,184.25,212.5,240.75
13,medium,41,Gangplank,海洋之灾,Fighter,战士,3,3,295.33,225.5,301,368,268.67,209.5,313,350
13,medium,876,Lillia,含羞蓓蕾,Fighter,战士,2,2,224.5,206.25,224.5,242.75,122,110,122,134
13,medium,22,Ashe,寒冰射手,Marksman,射手,3,3,277.67,213.5,234,320,196.67,163.5,187,225
13,medium,223,TahmKench,河流之王,Tank,坦克,1,1,248,248,248,248,171,171,171,171
13,medium,1,Annie,黑暗之女,Mage,法师,2,2,296.5,265.75,296.5,327.25,244,206.5,244,281.5
13,medium,58,Renekton,荒漠屠夫,Fighter,战士,1,1,178,178,178,178,102,102,102,102
13,medium,805,Locke,灰烬驱魔人,Assassin,刺客,1,1,208,208,208,208,106,106,106,106
13,medium,412,Thresh,魂锁典狱长,Support,辅助,1,1,549,549,549,549,127,127,127,127
13,medium,157,Yasuo,疾风剑豪,Fighter,战士,1,1,259,259,259,259,135,135,135,135
13,medium,131,Diana,皎月女神,Fighter,战士,1,1,166,166,166,166,231,231,231,231
13,medium,517,Sylas,解脱者,Mage,法师,1,1,145,145,145,145,143,143,143,143
13,medium,103,Ahri,九尾妖狐,Mage,法师,4,4,130.25,116,119.5,133.75,108,76,97.5,129.5
13,medium,79,Gragas,酒桶,Fighter,战士,2,2,331.5,247.25,331.5,415.75,297.5,209.25,297.5,385.75
13,medium,48,Trundle,巨魔之王,Fighter,战士,1,1,548,548,548,548,306,306,306,306
13,medium,4,TwistedFate,卡牌大师,Mage,法师,1,1,205,205,205,205,159,159,159,159
13,medium,85,Kennen,狂暴之心,Mage,法师,1,1,170,170,170,170,94,94,94,94
13,medium,233,Briar,狂厄蔷薇,Fighter,战士,4,3,213.25,206,217,224.25,165,153.25,163.5,175.25
13,medium,2,Olaf,狂战士,Fighter,战士,1,1,215,215,215,215,172,172,172,172
13,medium,84,Akali,离群之刺,Assassin,刺客,1,1,267,267,267,267,236,236,236,236
13,medium,888,Renata,炼金男爵,Support,辅助,2,2,236,235,236,237,199.5,189.75,199.5,209.25
13,medium,27,Singed,炼金术士,Tank,坦克,2,2,425.5,419.25,425.5,431.75,360.5,359.25,360.5,361.75
13,medium,887,Gwen,灵罗娃娃,Fighter,战士,1,1,157,157,157,157,98,98,98,98
13,medium,800,Mel,流光镜影,Mage,法师,1,1,258,258,258,258,207,207,207,207
13,medium,102,Shyvana,龙血武姬,Fighter,战士,2,2,353,313,353,393,249.5,216.25,249.5,282.75
13,medium,18,Tristana,麦林炮手,Marksman,射手,2,2,196.5,159.25,196.5,233.75,76,75,76,77
13,medium,64,LeeSin,盲僧,Fighter,战士,5,4,250.4,155,170,389,201.8,124,134,287
13,medium,902,Milio,明烛,Support,辅助,1,1,399,399,399,399,200,200,200,200
13,medium,350,Yuumi,魔法猫咪,Support,辅助,2,2,145,145,145,145,102,102,102,102
13,medium,83,Yorick,牧魂人,Fighter,战士,1,1,336,336,336,336,94,94,94,94
13,medium,142,Zoe,暮光星灵,Mage,法师,1,1,295,295,295,295,246,246,246,246
13,medium,98,Shen,暮光之眼,Tank,坦克,3,3,467,297,318,562.5,302.67,254,297,348.5
13,medium,897,KSante,纳祖芒荣耀,Tank,坦克,4,4,529.5,348,469,650.5,413,232.25,369.5,550.25
13,medium,12,Alistar,牛头酋长,Tank,坦克,5,4,364.2,271,304,453,188,158,200,225
13,medium,50,Swain,诺克萨斯统领,Mage,法师,2,2,183.5,181.75,183.5,185.25,142,130.5,142,153.5
13,medium,122,Darius,诺克萨斯之手,Fighter,战士,1,1,709,709,709,709,407,407,407,407
13,medium,33,Rammus,披甲龙龟,Tank,坦克,1,1,474,474,474,474,360,360,360,360
13,medium,254,Vi,皮城执法官,Fighter,战士,3,3,143.67,141,145,147,99.33,96,98,102
13,medium,234,Viego,破败之王,Fighter,战士,4,4,231.25,180.75,213.5,264,113,103,109.5,119.5
13,medium,62,MonkeyKing,齐天大圣,Fighter,战士,1,1,156,156,156,156,94,94,94,94
13,medium,37,Sona,琴瑟仙女,Support,辅助,1,1,233,233,233,233,123,123,123,123
13,medium,119,Draven,荣耀行刑官,Marksman,射手,2,2,367.5,365.75,367.5,369.25,197,156.5,197,237.5
13,medium,54,Malphite,熔岩巨兽,Tank,坦克,2,2,996,987.5,996,1004.5,135.5,130.25,135.5,140.75
13,medium,526,Rell,镕铁少女,Tank,坦克,3,3,401.67,298,334,471.5,417.67,257.5,290,514
13,medium,268,Azir,沙漠皇帝,Mage,法师,2,2,192.5,184.75,192.5,200.25,122.5,111.25,122.5,133.75
13,medium,360,Samira,沙漠玫瑰,Marksman,射手,2,2,373,333,373,413,261.5,243.25,261.5,279.75
13,medium,75,Nasus,沙漠死神,Fighter,战士,3,3,296,261.5,355,360,185.33,157,208,225
13,medium,516,Ornn,山隐之焰,Tank,坦克,4,4,562.5,416.5,474,620,384.75,284.5,387,487.25
13,medium,21,MissFortune,赏金猎人,Marksman,射手,3,3,148,117,117,163.5,77,76,76,77.5
13,medium,111,Nautilus,深海泰坦,Tank,坦克,2,2,386.5,381.75,386.5,391.25,335,289.5,335,380.5
13,medium,78,Poppy,圣锤之毅,Tank,坦克,1,1,257,257,257,257,243,243,243,243
13,medium,236,Lucian,圣枪游侠,Marksman,射手,5,5,178.8,135,140,142,137.2,91,100,131
13,medium,26,Zilean,时光守护者,Support,辅助,2,2,218,209.5,218,226.5,110,93,110,127
13,medium,245,Ekko,时间刺客,Assassin,刺客,1,1,229,229,229,229,142,142,142,142
13,medium,893,Aurora,双界灵兔,Mage,法师,1,1,130,130,130,130,81,81,81,81
13,medium,30,Karthus,死亡颂唱者,Mage,法师,2,2,212.5,209.25,212.5,215.75,97,94,97,100
13,medium,81,Ezreal,探险家,Marksman,射手,2,2,298,274,298,322,215.5,208.75,215.5,222.25
13,medium,82,Mordekaiser,铁铠冥魂,Fighter,战士,6,6,345.83,213.75,269.5,464,266.17,146,265,390
13,medium,799,Ambessa,铁血狼母,Fighter,战士,1,1,153,153,153,153,98,98,98,98
13,medium,28,Evelynn,痛苦之拥,Assassin,刺客,1,1,501,501,501,501,253,253,253,253
13,medium,44,Taric,瓦洛兰之盾,Support,辅助,2,2,580.5,481.75,580.5,679.25,427.5,291.75,427.5,563.25
13,medium,875,Sett,腕豪,Fighter,战士,2,2,234.5,212.25,234.5,256.75,157,153,157,161
13,medium,14,Sion,亡灵战神,Tank,坦克,1,1,319,319,319,319,263,263,263,263
13,medium,126,Jayce,未来守护者,Fighter,战士,3,3,147.67,138,138,152.5,110,79,79,125.5
13,medium,29,Twitch,瘟疫之源,Marksman,射手,2,2,158.5,155.75,158.5,161.25,114,112,114,116
13,medium,11,MasterYi,无极剑圣,Fighter,战士,2,2,170.5,164.75,170.5,176.25,96,95,96,97
13,medium,114,Fiora,无双剑姬,Fighter,战士,3,3,289.33,262,339,341.5,272.33,162.5,231,361.5
13,medium,6,Urgot,无畏战车,Fighter,战士,1,1,847,847,847,847,1010,1010,1010,1010
13,medium,24,Jax,武器大师,Fighter,战士,1,1,613,613,613,613,512,512,512,512
13,medium,202,Jhin,戏命师,Marksman,射手,1,1,254,254,254,254,193,193,193,193
13,medium,117,Lulu,仙灵女巫,Support,辅助,1,1,409,409,409,409,378,378,378,378
13,medium,45,Veigar,邪恶小法师,Mage,法师,1,1,210,210,210,210,108,108,108,108
13,medium,432,Bard,星界游神,Support,辅助,1,1,582,582,582,582,456,456,456,456
13,medium,147,Seraphine,星籁歌姬,Support,辅助,3,3,244.33,172.5,182,285,224.33,178,178,247.5
13,medium,8,Vladimir,猩红收割者,Mage,法师,2,2,155,139.5,155,170.5,97,92.5,97,101.5
13,medium,421,RekSai,虚空遁地兽,Fighter,战士,4,4,310.75,232.75,288.5,366.5,307,232.75,280.5,354.75
13,medium,31,Chogath,虚空恐惧,Tank,坦克,3,3,310.67,288,302,329,279.33,213,281,346.5
13,medium,121,Khazix,虚空掠夺者,Assassin,刺客,1,1,143,143,143,143,106,106,106,106
13,medium,200,Belveth,虚空女皇,Fighter,战士,4,4,279.25,227.25,250.5,302.5,184,139,179.5,224.5
13,medium,90,Malzahar,虚空先知,Mage,法师,3,3,254.33,197.5,216,292,159.33,77.5,79,201
13,medium,38,Kassadin,虚空行者,Assassin,刺客,2,2,179.5,179.25,179.5,179.75,88.5,86.75,88.5,90.25
13,medium,145,Kaisa,虚空之女,Marksman,射手,2,2,153.5,136.75,153.5,170.25,130,125.5,130,134.5
13,medium,161,Velkoz,虚空之眼,Mage,法师,3,3,175.33,143,161,200.5,130,94,112,157
13,medium,20,Nunu,雪原双子,Tank,坦克,2,2,317.5,305.25,317.5,329.75,241,226,241,256
13,medium,555,Pyke,血港鬼影,Support,辅助,1,1,144,144,144,144,94,94,94,94
13,medium,42,Corki,英勇投弹手,Marksman,射手,2,2,150,140.5,150,159.5,99,89.5,99,108.5
13,medium,166,Akshan,影哨,Marksman,射手,1,1,129,129,129,129,76,76,76,76
13,medium,9,FiddleSticks,远古恐惧,Mage,法师,5,5,231.6,202,217,243,166,76,98,188
13,medium,101,Xerath,远古巫灵,Mage,法师,1,1,125,125,125,125,76,76,76,76
13,medium,15,Sivir,战争女神,Marksman,射手,1,1,134,134,134,134,225,225,225,225
13,medium,120,Hecarim,战争之影,Fighter,战士,1,1,230,230,230,230,183,183,183,183
13,medium,53,Blitzcrank,蒸汽机器人,Tank,坦克,4,4,243.75,224.25,242.5,262,147.5,139.75,147.5,155.25
13,medium,3,Galio,正义巨像,Tank,坦克,3,3,388,383,389,393.5,276,223,251,316.5
13,medium,10,Kayle,正义天使,Mage,法师,4,4,173.25,165.5,179.5,187.25,157.25,141.75,152.5,168
13,medium,60,Elise,蜘蛛女皇,Assassin,刺客,1,1,192,192,192,192,170,170,170,170
13,medium,16,Soraka,众星之子,Support,辅助,4,4,266.5,228.5,253,291,220,184.75,237,272.25
13,medium,136,AurelionSol,铸星龙王,Mage,法师,1,1,170,170,170,170,94,94,94,94
13,medium,221,Zeri,祖安花火,Marksman,射手,2,2,142,130.5,142,153.5,127,124,127,130
13,medium,36,DrMundo,祖安狂人,Tank,坦克,3,3,372.67,299,414,467,281,230.5,247,314.5
14,low,67,Vayne,暗夜猎手,Marksman,射手,3,3,336.33,257,389,442,295,180.5,240,382
14,low,266,Aatrox,暗裔剑魔,Fighter,战士,1,1,147,147,147,147,94,94,94,94
14,low,107,Rengar,傲之追猎者,Assassin,刺客,2,2,164.5,148.75,164.5,180.25,98,96,98,100
14,low,950,Naafiri,百裂冥犬,Assassin,刺客,1,1,182,182,182,182,144,144,144,144
14,low,240,Kled,暴怒骑士,Fighter,战士,1,1,395,395,395,395,133,133,133,133
14,low,113,Sejuani,北地之怒,Tank,坦克,1,1,896,896,896,896,255,255,255,255
14,low,34,Anivia,冰晶凤凰,Mage,法师,1,1,192,192,192,192,106,106,106,106
14,low,106,Volibear,不灭狂雷,Fighter,战士,1,1,313,313,313,313,197,197,197,197
14,low,804,Yunara,不破之誓,Marksman,射手,1,1,463,463,463,463,381,381,381,381
14,low,55,Katarina,不祥之刃,Assassin,刺客,1,1,397,397,397,397,345,345,345,345
14,low,105,Fizz,潮汐海灵,Assassin,刺客,2,2,580,449.5,580,710.5,562.5,445.25,562.5,679.75
14,low,901,Smolder,炽炎雏龙,Marksman,射手,2,2,233.5,181.25,233.5,285.75,189.5,135.75,189.5,243.25
14,low,427,Ivern,翠神,Support,辅助,1,1,180,180,180,180,126,126,126,126
14,low,25,Morgana,堕落天使,Support,辅助,1,1,184,184,184,184,82,82,82,82
14,low,35,Shaco,恶魔小丑,Assassin,刺客,1,1,206,206,206,206,124,124,124,124
14,low,104,Graves,法外狂徒,Marksman,射手,1,1,291,291,291,291,171,171,171,171
14,low,63,Brand,复仇焰魂,Mage,法师,1,1,193,193,193,193,160,160,160,160
14,low,99,Lux,光辉女郎,Mage,法师,2,2,424.5,303.75,424.5,545.25,376,226,376,526
14,low,7,Leblanc,诡术妖姬,Assassin,刺客,1,1,110,110,110,110,73,73,73,73
14,low,41,Gangplank,海洋之灾,Fighter,战士,1,1,150,150,150,150,106,106,106,106
14,low,22,Ashe,寒冰射手,Marksman,射手,1,1,495,495,495,495,347,347,347,347
14,low,1,Annie,黑暗之女,Mage,法师,1,1,242,242,242,242,172,172,172,172
14,low,58,Renekton,荒漠屠夫,Fighter,战士,1,1,190,190,190,190,114,114,114,114
14,low,131,Diana,皎月女神,Fighter,战士,1,1,201,201,201,201,263,263,263,263
14,low,143,Zyra,荆棘之兴,Mage,法师,1,1,251,251,251,251,160,160,160,160
14,low,103,Ahri,九尾妖狐,Mage,法师,1,1,130,130,130,130,122,122,122,122
14,low,79,Gragas,酒桶,Fighter,战士,1,1,508,508,508,508,478,478,478,478
14,low,233,Briar,狂厄蔷薇,Fighter,战士,2,1,234.5,227.75,234.5,241.25,171.5,160.25,171.5,182.75
14,low,888,Renata,炼金男爵,Support,辅助,1,1,246,246,246,246,222,222,222,222
14,low,27,Singed,炼金术士,Tank,坦克,2,2,423,418,423,428,360.5,359.25,360.5,361.75
14,low,887,Gwen,灵罗娃娃,Fighter,战士,1,1,165,165,165,165,102,102,102,102
14,low,18,Tristana,麦林炮手,Marksman,射手,1,1,271,271,271,271,78,78,78,78
14,low,64,LeeSin,盲僧,Fighter,战士,2,1,305.5,235.75,305.5,375.25,226,170,226,282
14,low,98,Shen,暮光之眼,Tank,坦克,2,2,303.5,293.25,303.5,313.75,258.5,236.75,258.5,280.25
14,low,50,Swain,诺克萨斯统领,Mage,法师,1,1,195,195,195,195,169,169,169,169
14,low,254,Vi,皮城执法官,Fighter,战士,1,1,152,152,152,152,117,117,117,117
14,low,62,MonkeyKing,齐天大圣,Fighter,战士,1,1,185,185,185,185,98,98,98,98
14,low,526,Rell,镕铁少女,Tank,坦克,1,1,364,364,364,364,208,208,208,208
14,low,268,Azir,沙漠皇帝,Mage,法师,1,1,185,185,185,185,148,148,148,148
14,low,360,Samira,沙漠玫瑰,Marksman,射手,1,1,340,340,340,340,228,228,228,228
14,low,516,Ornn,山隐之焰,Tank,坦克,1,1,419,419,419,419,318,318,318,318
14,low,21,MissFortune,赏金猎人,Marksman,射手,1,1,240,240,240,240,105,105,105,105
14,low,111,Nautilus,深海泰坦,Tank,坦克,1,1,357,357,357,357,202,202,202,202
14,low,236,Lucian,圣枪游侠,Marksman,射手,1,1,164,164,164,164,134,134,134,134
14,low,26,Zilean,时光守护者,Support,辅助,1,1,183,183,183,183,76,76,76,76
14,low,893,Aurora,双界灵兔,Mage,法师,1,1,138,138,138,138,84,84,84,84
14,low,30,Karthus,死亡颂唱者,Mage,法师,1,1,214,214,214,214,106,106,106,106
14,low,81,Ezreal,探险家,Marksman,射手,2,2,308,285.5,308,330.5,223,214,223,232
14,low,82,Mordekaiser,铁铠冥魂,Fighter,战士,1,1,508,508,508,508,251,251,251,251
14,low,799,Ambessa,铁血狼母,Fighter,战士,1,1,161,161,161,161,102,102,102,102
14,low,44,Taric,瓦洛兰之盾,Support,辅助,1,1,815,815,815,815,726,726,726,726
14,low,875,Sett,腕豪,Fighter,战士,1,1,288,288,288,288,154,154,154,154
14,low,126,Jayce,未来守护者,Fighter,战士,1,1,146,146,146,146,82,82,82,82
14,low,29,Twitch,瘟疫之源,Marksman,射手,1,1,231,231,231,231,121,121,121,121
14,low,11,MasterYi,无极剑圣,Fighter,战士,1,1,178,178,178,178,114,114,114,114
14,low,24,Jax,武器大师,Fighter,战士,1,1,247,247,247,247,211,211,211,211
14,low,202,Jhin,戏命师,Marksman,射手,2,1,217.5,187.75,217.5,247.25,142,115,142,169
14,low,31,Chogath,虚空恐惧,Tank,坦克,1,1,310,310,310,310,417,417,417,417
14,low,90,Malzahar,虚空先知,Mage,法师,1,1,187,187,187,187,82,82,82,82
14,low,38,Kassadin,虚空行者,Assassin,刺客,1,1,186,186,186,186,88,88,88,88
14,low,145,Kaisa,虚空之女,Marksman,射手,1,1,194,194,194,194,142,142,142,142
14,low,161,Velkoz,虚空之眼,Mage,法师,1,1,161,161,161,161,127,127,127,127
14,low,9,FiddleSticks,远古恐惧,Mage,法师,2,2,169.5,153.25,169.5,185.75,78.5,77.25,78.5,79.75
14,low,120,Hecarim,战争之影,Fighter,战士,1,1,263,263,263,263,206,206,206,206
14,low,10,Kayle,正义天使,Mage,法师,2,2,170.5,163.25,170.5,177.75,145,140,145,150
14,low,60,Elise,蜘蛛女皇,Assassin,刺客,1,1,207,207,207,207,217,217,217,217
14,low,16,Soraka,众星之子,Support,辅助,3,3,316,261,345,385.5,275.33,206.5,342,377.5
14,low,221,Zeri,祖安花火,Marksman,射手,1,1,172,172,172,172,136,136,136,136
15,low,67,Vayne,暗夜猎手,Marksman,射手,2,2,449,422.5,449,475.5,400,336.5,400,463.5
15,low,107,Rengar,傲之追猎者,Assassin,刺客,1,1,203,203,203,203,106,106,106,106
15,low,105,Fizz,潮汐海灵,Assassin,刺客,1,1,326,326,326,326,332,332,332,332
15,low,901,Smolder,炽炎雏龙,Marksman,射手,1,1,347,347,347,347,301,301,301,301
15,low,25,Morgana,堕落天使,Support,辅助,1,1,191,191,191,191,85,85,85,85
15,low,1,Annie,黑暗之女,Mage,法师,1,1,249,249,249,249,175,175,175,175
15,low,103,Ahri,九尾妖狐,Mage,法师,1,1,137,137,137,137,125,125,125,125
15,low,79,Gragas,酒桶,Fighter,战士,1,1,543,543,543,543,609,609,609,609
15,low,888,Renata,炼金男爵,Support,辅助,1,1,253,253,253,253,225,225,225,225
15,low,64,LeeSin,盲僧,Fighter,战士,2,1,349,261.5,349,436.5,251.5,184.75,251.5,318.25
15,low,98,Shen,暮光之眼,Tank,坦克,1,1,242,242,242,242,240,240,240,240
15,low,50,Swain,诺克萨斯统领,Mage,法师,1,1,226,226,226,226,236,236,236,236
15,low,526,Rell,镕铁少女,Tank,坦克,1,1,389,389,389,389,225,225,225,225
15,low,268,Azir,沙漠皇帝,Mage,法师,1,1,194,194,194,194,151,151,151,151
15,low,236,Lucian,圣枪游侠,Marksman,射手,1,1,171,171,171,171,137,137,137,137
15,low,30,Karthus,死亡颂唱者,Mage,法师,1,1,221,221,221,221,109,109,109,109
15,low,82,Mordekaiser,铁铠冥魂,Fighter,战士,1,1,517,517,517,517,255,255,255,255
15,low,29,Twitch,瘟疫之源,Marksman,射手,1,1,238,238,238,238,124,124,124,124
15,low,202,Jhin,戏命师,Marksman,射手,1,1,284,284,284,284,199,199,199,199
15,low,31,Chogath,虚空恐惧,Tank,坦克,1,1,319,319,319,319,422,422,422,422
15,low,10,Kayle,正义天使,Mage,法师,2,2,174,165,174,183,144.5,137.75,144.5,151.25
15,low,60,Elise,蜘蛛女皇,Assassin,刺客,1,1,224,224,224,224,228,228,228,228
15,low,16,Soraka,众星之子,Support,辅助,1,1,434,434,434,434,507,507,507,507
15,low,221,Zeri,祖安花火,Marksman,射手,1,1,179,179,179,179,139,139,139,139
